1006835900000000000008D4,null,SN01244,978311868770,-53.0,1.1293,865700
1006835900000000000008D4,null,SN01244,978311868797,-52.3,1.0802,865700
1006835900000000000008D4,null,SN01244,978311868801,-53.0,1.1293,865700
1006835900000000000008D4,null,SN01244,978311868968,-53.0,1.1293,865700
1006835900000000000008D4,null,SN01244,978311869068,-53.0,1.1293,865700
1006835900000000000008D4,null,SN01244,978311869195,-53.9,1.0802,865700
1006835900000000000008D4,null,SN01244,978311869265,-53.0,1.0802,865700
1006835900000000000008D4,null,SN01244,978311869355,-53.9,1.1293,865700
1006835900000000000008D4,null,SN01244,978311869446,-52.3,1.1293,865700
1006835900000000000008D4,null,SN01244,978311869564,-53.9,1.1293,865700
1006835900000000000008D4,null,SN01244,978311869587,-53.9,1.1293,865700
1006835900000000000008D4,null,SN01244,978311869781,-52.3,1.1293,865700
1006835900000000000008D4,null,SN01244,978311869881,-53.9,1.1293,865700
1006835900000000000008D4,null,SN01244,978311869905,-53.0,1.1293,865700
1006835900000000000008D4,null,SN01244,978311870006,-52.3,1.1293,865700
1006835900000000000008D4,null,SN01244,978311870064,-53.0,1.0802,865700
1006835900000000000008D4,null,SN01244,978311870217,-53.9,1.0802,865700
1006835900000000000008D4,null,SN01244,978311870348,-53.0,1.0802,865700
1006835900000000000008D4,null,SN01244,978311870375,-53.9,1.1293,865700
1006835900000000000008D4,null,SN01244,978311870536,-53.0,1.0802,865700
1006835900000000000008D4,null,SN01244,978311870625,-53.9,1.1293,865700
1006835900000000000008D4,null,SN01244,978311870736,-53.9,1.1293,865700
1006835900000000000008D4,null,SN01244,978311870811,-53.9,1.1293,865700
1006835900000000000008D4,null,SN01244,978311870887,-53.9,1.0802,865700
1006835900000000000008D4,null,SN01244,978311871007,-52.3,1.1293,865700
1006835900000000000008D4,null,SN01244,978311871069,-53.9,1.0802,865700
1006835900000000000008D4,null,SN01244,978311871212,-53.9,1.1293,865700
1006835900000000000008D4,null,SN01244,978311871237,-53.9,1.0802,865700
1006835900000000000008D4,null,SN01244,978311871437,-53.9,1.1293,865700
1006835900000000000008D4,null,SN01244,978311871504,-53.9,1.1293,865700
1006835900000000000008D4,null,SN01244,978311871579,-53.9,1.1293,865700
1006835900000000000008D4,null,SN01244,978311871643,-53.9,1.1293,865700
1006835900000000000008D4,null,SN01244,978311871914,-53.0,1.1293,865700
1006835900000000000008D4,null,SN01244,978311872094,-53.9,1.1293,865700
1006835900000000000008D4,null,SN01244,978311872117,-53.0,1.1293,865700
1006835900000000000008D4,null,SN01244,978311872237,-53.0,1.1293,865700
1006835900000000000008D4,null,SN01244,978311872362,-53.9,1.1293,865700
1006835900000000000008D4,null,SN01244,978311872766,-53.0,0.982,866300
1006835900000000000008D4,null,SN01244,978311872909,-52.3,1.0311,866300
1006835900000000000008D4,null,SN01244,978311873019,-53.0,0.9329,866300
1006835900000000000008D4,null,SN01244,978311873042,-53.9,0.982,866300
1006835900000000000008D4,null,SN01244,978311873186,-53.9,0.9329,866300
1006835900000000000008D4,null,SN01244,978311873298,-53.9,0.982,866300
1006835900000000000008D4,null,SN01244,978311873405,-52.3,0.9329,866300
1006835900000000000008D4,null,SN01244,978311873428,-53.0,1.0802,866300
1006835900000000000008D4,null,SN01244,978311873575,-53.0,0.982,866300
1006835900000000000008D4,null,SN01244,978311873622,-53.9,0.982,866300
1006835900000000000008D4,null,SN01244,978311873803,-53.9,0.982,866300
1006835900000000000008D4,null,SN01244,978311873827,-53.0,0.9329,866300
1006835900000000000008D4,null,SN01244,978311873987,-53.0,0.982,866300
1006835900000000000008D4,null,SN01244,978311874053,-52.3,0.982,866300
1006835900000000000008D4,null,SN01244,978311874163,-53.9,0.9329,866300
1006835900000000000008D4,null,SN01244,978311874280,-53.0,0.982,866300
1006835900000000000008D4,null,SN01244,978311874303,-53.0,0.982,866300
1006835900000000000008D4,null,SN01244,978311874417,-53.0,0.982,866300
1006835900000000000008D4,null,SN01244,978311874535,-53.9,0.982,866300
1006835900000000000008D4,null,SN01244,978311874629,-52.3,0.9329,866300
1006835900000000000008D4,null,SN01244,978311874757,-53.0,0.9329,866300
1006835900000000000008D4,null,SN01244,978311874801,-53.0,0.982,866300
1006835900000000000008D4,null,SN01244,978311874946,-53.9,0.982,866300
1006835900000000000008D4,null,SN01244,978311875016,-53.0,0.982,866300
1006835900000000000008D4,null,SN01244,978311875126,-52.3,0.982,866300
1006835900000000000008D4,null,SN01244,978311875177,-53.9,0.982,866300
1006835900000000000008D4,null,SN01244,978311875326,-53.0,0.982,866300
1006835900000000000008D4,null,SN01244,978311875457,-53.0,0.9329,866300
1006835900000000000008D4,null,SN01244,978311875479,-53.9,0.982,866300
1006835900000000000008D4,null,SN01244,978311875564,-53.0,0.982,866300
1006835900000000000008D4,null,SN01244,978311875778,-53.0,0.982,866900
1006835900000000000008D4,null,SN01244,978311875893,-53.0,0.982,866900
1006835900000000000008D4,null,SN01244,978311875952,-53.0,0.982,866900
1006835900000000000008D4,null,SN01244,978311876090,-53.0,0.9329,866900
1006835900000000000008D4,null,SN01244,978311876125,-52.3,0.982,866900
1006835900000000000008D4,null,SN01244,978311876263,-53.0,0.9329,866900
1006835900000000000008D4,null,SN01244,978311876377,-53.0,0.9329,866900
1006835900000000000008D4,null,SN01244,978311876442,-53.0,0.9329,866900
1006835900000000000008D4,null,SN01244,978311876610,-52.3,0.9329,866900
1006835900000000000008D4,null,SN01244,978311876632,-53.0,0.982,866900
1006835900000000000008D4,null,SN01244,978311876794,-53.0,0.9329,866900
1006835900000000000008D4,null,SN01244,978311876865,-53.0,0.9329,866900
1006835900000000000008D4,null,SN01244,978311876915,-53.0,0.9329,866900
1006835900000000000008D4,null,SN01244,978311877015,-53.0,0.9329,866900
1006835900000000000008D4,null,SN01244,978311877088,-53.0,0.982,866900
1006835900000000000008D4,null,SN01244,978311877247,-53.0,0.9329,866900
1006835900000000000008D4,null,SN01244,978311877315,-53.9,0.9329,866900
1006835900000000000008D4,null,SN01244,978311877453,-53.0,0.9329,866900
1006835900000000000008D4,null,SN01244,978311877524,-52.3,0.982,866900
1006835900000000000008D4,null,SN01244,978311877645,-53.0,0.982,866900
1006835900000000000008D4,null,SN01244,978311877689,-52.3,0.982,866900
1006835900000000000008D4,null,SN01244,978311877850,-53.0,0.982,866900
1006835900000000000008D4,null,SN01244,978311877951,-53.0,0.9329,866900
1006835900000000000008D4,null,SN01244,978311878012,-53.0,0.982,866900
1006835900000000000008D4,null,SN01244,978311878076,-52.3,0.9329,866900
1006835900000000000008D4,null,SN01244,978311878156,-53.0,0.9329,866900
1006835900000000000008D4,null,SN01244,978311878257,-53.0,0.9329,866900
1006835900000000000008D4,null,SN01244,978311878447,-52.3,0.982,866900
1006835900000000000008D4,null,SN01244,978311878498,-53.0,0.9329,866900
1006835900000000000008D4,null,SN01244,978311878562,-53.0,0.9329,866900
1006835900000000000008D4,null,SN01244,978311878656,-53.0,0.9329,866900
1006835900000000000008D4,null,SN01244,978311878816,-53.0,0.982,866900
1006835900000000000008D4,null,SN01244,978311878887,-52.3,0.982,866900
1006835900000000000008D4,null,SN01244,978311878958,-53.0,0.9329,866900
1006835900000000000008D4,null,SN01244,978311879119,-53.0,0.9329,866900
1006835900000000000008D4,null,SN01244,978311879176,-52.3,0.9329,866900
1006835900000000000008D4,null,SN01244,978311879298,-53.0,0.9329,866900
1006835900000000000008D4,null,SN01244,978311879331,-53.0,0.982,866900
1006835900000000000008D4,null,SN01244,978311879506,-52.3,0.982,866900
1006835900000000000008D4,null,SN01244,978311879881,-53.0,0.8347,867500
1006835900000000000008D4,null,SN01244,978311880001,-53.0,0.7856,867500
1006835900000000000008D4,null,SN01244,978311880135,-53.0,0.8347,867500
1006835900000000000008D4,null,SN01244,978311880212,-53.0,0.8347,867500
1006835900000000000008D4,null,SN01244,978311880345,-53.0,0.8347,867500
1006835900000000000008D4,null,SN01244,978311880414,-52.3,0.8347,867500
1006835900000000000008D4,null,SN01244,978311880514,-53.0,0.8347,867500
1006835900000000000008D4,null,SN01244,978311880555,-53.0,0.7856,867500
1006835900000000000008D4,null,SN01244,978311880710,-53.0,0.7856,867500
1006835900000000000008D4,null,SN01244,978311880735,-53.0,0.8347,867500
1006835900000000000008D4,null,SN01244,978311880862,-53.0,0.8347,867500
1006835900000000000008D4,null,SN01244,978311880939,-53.0,0.7856,867500
1006835900000000000008D4,null,SN01244,978311881082,-53.0,0.8347,867500
1006835900000000000008D4,null,SN01244,978311881198,-53.0,0.8347,867500
1006835900000000000008D4,null,SN01244,978311881259,-53.0,0.8347,867500
1006835900000000000008D4,null,SN01244,978311881358,-53.0,0.8347,867500
1006835900000000000008D4,null,SN01244,978311881520,-53.0,0.7856,867500
1006835900000000000008D4,null,SN01244,978311881525,-52.3,0.8347,867500
1006835900000000000008D4,null,SN01244,978311881612,-53.0,0.8347,867500
1006835900000000000008D4,null,SN01244,978311881896,-53.0,0.8347,867500
1006835900000000000008D4,null,SN01244,978311881998,-52.3,0.8347,867500
1006835900000000000008D4,null,SN01244,978311882107,-53.0,0.7856,867500
1006835900000000000008D4,null,SN01244,978311882220,-53.0,0.7856,867500
1006835900000000000008D4,null,SN01244,978311882381,-53.0,0.7856,867500
1006835900000000000008D4,null,SN01244,978311882383,-53.0,0.7856,867500
1006835900000000000008D4,null,SN01244,978311882526,-53.0,0.7856,867500
1006835900000000000008D4,null,SN01244,978311882595,-53.0,0.8347,867500
1006835900000000000008D4,null,SN01244,978311882836,-52.3,1.1293,865700
1006835900000000000008D4,null,SN01244,978311883071,-53.0,1.0802,865700
1006835900000000000008D4,null,SN01244,978311883198,-53.0,1.1293,865700
1006835900000000000008D4,null,SN01244,978311883273,-53.0,1.0802,865700
1006835900000000000008D4,null,SN01244,978311883343,-53.0,1.0802,865700
1006835900000000000008D4,null,SN01244,978311883695,-53.0,1.1293,865700
1006835900000000000008D4,null,SN01244,978311883780,-53.9,1.1293,865700
1006835900000000000008D4,null,SN01244,978311883862,-53.0,1.1293,865700
1006835900000000000008D4,null,SN01244,978311883931,-53.0,1.0802,865700
1006835900000000000008D4,null,SN01244,978311884033,-53.9,1.0802,865700
1006835900000000000008D4,null,SN01244,978311884178,-53.0,1.1293,865700
1006835900000000000008D4,null,SN01244,978311884235,-53.0,1.1293,865700
1006835900000000000008D4,null,SN01244,978311884352,-53.0,1.0802,865700
1006835900000000000008D4,null,SN01244,978311884494,-53.0,1.0802,865700
1006835900000000000008D4,null,SN01244,978311884594,-53.0,1.1293,865700
1006835900000000000008D4,null,SN01244,978311884640,-53.0,1.1293,865700
1006835900000000000008D4,null,SN01244,978311884726,-53.9,1.1293,865700
1006835900000000000008D4,null,SN01244,978311884845,-53.9,1.1293,865700
1006835900000000000008D4,null,SN01244,978311884933,-53.0,1.0802,865700
1006835900000000000008D4,null,SN01244,978311885034,-53.0,1.1293,865700
1006835900000000000008D4,null,SN01244,978311885185,-53.9,1.0802,865700
1006835900000000000008D4,null,SN01244,978311885207,-53.0,1.1293,865700
1006835900000000000008D4,null,SN01244,978311885347,-52.3,1.1293,865700
1006835900000000000008D4,null,SN01244,978311885442,-53.9,1.1293,865700
1006835900000000000008D4,null,SN01244,978311885517,-53.9,1.0802,865700
1006835900000000000008D4,null,SN01244,978311885615,-53.9,1.1293,865700
1006835900000000000008D4,null,SN01244,978311885694,-53.0,1.1293,865700
1006835900000000000008D4,null,SN01244,978311885786,-52.3,1.1293,865700
1006835900000000000008D4,null,SN01244,978311885877,-53.9,1.0802,865700
1006835900000000000008D4,null,SN01244,978311886028,-53.0,1.1293,865700
1006835900000000000008D4,null,SN01244,978311886106,-53.9,1.1293,865700
1006835900000000000008D4,null,SN01244,978311886151,-53.9,1.1293,865700
1006835900000000000008D4,null,SN01244,978311886286,-53.9,1.0802,865700
1006835900000000000008D4,null,SN01244,978311886393,-53.0,1.1293,865700
1006835900000000000008D4,null,SN01244,978311886542,-53.9,1.0802,865700
1006835900000000000008D4,null,SN01244,978311886774,-53.9,0.982,866300
1006835900000000000008D4,null,SN01244,978311886880,-52.3,0.982,866300
1006835900000000000008D4,null,SN01244,978311886918,-53.9,0.982,866300
1006835900000000000008D4,null,SN01244,978311887011,-52.3,0.982,866300
1006835900000000000008D4,null,SN01244,978311887145,-53.0,0.982,866300
1006835900000000000008D4,null,SN01244,978311887206,-53.9,0.982,866300
1006835900000000000008D4,null,SN01244,978311887278,-53.9,0.982,866300
1006835900000000000008D4,null,SN01244,978311887415,-52.3,0.9329,866300
1006835900000000000008D4,null,SN01244,978311887567,-52.3,0.982,866300
1006835900000000000008D4,null,SN01244,978311887589,-53.0,0.9329,866300
1006835900000000000008D4,null,SN01244,978311887714,-53.0,0.982,866300
1006835900000000000008D4,null,SN01244,978311887835,-53.0,0.982,866300
1006835900000000000008D4,null,SN01244,978311887898,-53.0,0.982,866300
1006835900000000000008D4,null,SN01244,978311887982,-52.3,0.982,866300
1006835900000000000008D4,null,SN01244,978311888149,-52.3,0.982,866300
1006835900000000000008D4,null,SN01244,978311888256,-53.9,0.982,866300
1006835900000000000008D4,null,SN01244,978311888331,-53.0,0.982,866300
1006835900000000000008D4,null,SN01244,978311888406,-52.3,0.9329,866300
1006835900000000000008D4,null,SN01244,978311888527,-53.0,0.9329,866300
1006835900000000000008D4,null,SN01244,978311888606,-53.0,0.982,866300
1006835900000000000008D4,null,SN01244,978311888723,-53.0,0.982,866300
1006835900000000000008D4,null,SN01244,978311888748,-53.0,1.0802,866300
1006835900000000000008D4,null,SN01244,978311888873,-53.9,0.9329,866300
1006835900000000000008D4,null,SN01244,978311888996,-53.0,0.982,866300
1006835900000000000008D4,null,SN01244,978311889028,-53.0,0.982,866300
1006835900000000000008D4,null,SN01244,978311889167,-53.9,0.982,866300
1006835900000000000008D4,null,SN01244,978311889215,-53.0,0.982,866300
1006835900000000000008D4,null,SN01244,978311889398,-53.0,0.982,866300
1006835900000000000008D4,null,SN01244,978311889493,-53.9,0.9329,866300
1006835900000000000008D4,null,SN01244,978311889574,-53.0,0.982,866300
1006835900000000000008D4,null,SN01244,978311889754,-52.3,0.9329,866900
1006835900000000000008D4,null,SN01244,978311889863,-53.0,0.982,866900
1006835900000000000008D4,null,SN01244,978311889886,-53.0,0.9329,866900
1006835900000000000008D4,null,SN01244,978311890058,-52.3,0.982,866900
1006835900000000000008D4,null,SN01244,978311890142,-52.3,0.982,866900
1006835900000000000008D4,null,SN01244,978311890182,-52.3,0.982,866900
1006835900000000000008D4,null,SN01244,978311890305,-53.0,0.9329,866900
1006835900000000000008D4,null,SN01244,978311890447,-53.0,0.9329,866900
1006835900000000000008D4,null,SN01244,978311890545,-53.0,0.9329,866900
1006835900000000000008D4,null,SN01244,978311890626,-53.0,0.9329,866900
1006835900000000000008D4,null,SN01244,978311890741,-53.0,0.9329,866900
1006835900000000000008D4,null,SN01244,978311890853,-53.0,0.9329,866900
1006835900000000000008D4,null,SN01244,978311890885,-53.0,0.9329,866900
1006835900000000000008D4,null,SN01244,978311891041,-53.0,0.982,866900
1006835900000000000008D4,null,SN01244,978311891099,-52.3,0.9329,866900
1006835900000000000008D4,null,SN01244,978311891178,-53.0,0.982,866900
1006835900000000000008D4,null,SN01244,978311891336,-53.0,0.9329,866900
1006835900000000000008D4,null,SN01244,978311891443,-53.0,0.9329,866900
1006835900000000000008D4,null,SN01244,978311891543,-53.0,0.9329,866900
1006835900000000000008D4,null,SN01244,978311891625,-53.0,0.9329,866900
1006835900000000000008D4,null,SN01244,978311891687,-53.0,0.9329,866900
1006835900000000000008D4,null,SN01244,978311891755,-53.0,0.9329,866900
1006835900000000000008D4,null,SN01244,978311891834,-53.0,0.9329,866900
1006835900000000000008D4,null,SN01244,978311892020,-52.3,0.9329,866900
1006835900000000000008D4,null,SN01244,978311892021,-53.0,0.982,866900
1006835900000000000008D4,null,SN01244,978311892194,-53.0,0.9329,866900
1006835900000000000008D4,null,SN01244,978311892216,-52.3,0.9329,866900
1006835900000000000008D4,null,SN01244,978311892394,-52.3,0.9329,866900
1006835900000000000008D4,null,SN01244,978311892513,-53.0,0.9329,866900
1006835900000000000008D4,null,SN01244,978311892581,-53.0,0.9329,866900
1006835900000000000008D4,null,SN01244,978311892648,-52.3,0.9329,866900
1006835900000000000008D4,null,SN01244,978311892728,-53.0,0.9329,866900
1006835900000000000008D4,null,SN01244,978311892904,-53.0,0.9329,866900
1006835900000000000008D4,null,SN01244,978311892967,-53.0,0.982,866900
1006835900000000000008D4,null,SN01244,978311893042,-53.0,0.982,866900
1006835900000000000008D4,null,SN01244,978311893115,-53.0,0.9329,866900
1006835900000000000008D4,null,SN01244,978311893219,-53.0,0.9329,866900
1006835900000000000008D4,null,SN01244,978311893303,-53.9,0.9329,866900
1006835900000000000008D4,null,SN01244,978311893432,-53.0,0.9329,866900
1006835900000000000008D4,null,SN01244,978311893577,-53.9,0.9329,866900
1006835900000000000008D4,null,SN01244,978311893752,-53.0,0.8837999999999999,867500
1006835900000000000008D4,null,SN01244,978311893890,-53.0,0.7856,867500
1006835900000000000008D4,null,SN01244,978311894002,-52.3,0.8347,867500
1006835900000000000008D4,null,SN01244,978311894091,-53.0,0.7856,867500
1006835900000000000008D4,null,SN01244,978311894213,-53.0,0.8347,867500
1006835900000000000008D4,null,SN01244,978311894237,-53.0,0.8347,867500
1006835900000000000008D4,null,SN01244,978311894324,-53.0,0.7856,867500
1006835900000000000008D4,null,SN01244,978311894447,-53.0,0.8347,867500
1006835900000000000008D4,null,SN01244,978311894584,-53.0,0.7856,867500
1006835900000000000008D4,null,SN01244,978311894606,-52.3,0.7856,867500
1006835900000000000008D4,null,SN01244,978311894752,-52.3,0.7856,867500
1006835900000000000008D4,null,SN01244,978311894872,-53.0,0.8347,867500
1006835900000000000008D4,null,SN01244,978311894972,-53.0,0.7856,867500
1006835900000000000008D4,null,SN01244,978311895021,-53.0,0.7856,867500
1006835900000000000008D4,null,SN01244,978311895156,-53.0,0.7856,867500
1006835900000000000008D4,null,SN01244,978311895272,-53.0,0.8347,867500
1006835900000000000008D4,null,SN01244,978311895295,-53.0,0.8347,867500
1006835900000000000008D4,null,SN01244,978311895404,-53.0,0.8347,867500
1006835900000000000008D4,null,SN01244,978311895520,-52.3,0.7856,867500
1006835900000000000008D4,null,SN01244,978311895664,-53.0,0.7856,867500
1006835900000000000008D4,null,SN01244,978311895740,-52.3,0.7856,867500
1006835900000000000008D4,null,SN01244,978311895835,-52.3,0.8347,867500
1006835900000000000008D4,null,SN01244,978311895888,-53.0,0.8347,867500
1006835900000000000008D4,null,SN01244,978311895987,-53.0,0.7856,867500
1006835900000000000008D4,null,SN01244,978311896106,-53.0,0.7856,867500
1006835900000000000008D4,null,SN01244,978311896172,-52.3,0.7856,867500
1006835900000000000008D4,null,SN01244,978311896253,-52.3,0.8347,867500
1006835900000000000008D4,null,SN01244,978311896383,-53.0,0.8347,867500
1006835900000000000008D4,null,SN01244,978311896535,-52.3,0.8347,867500
1006835900000000000008D4,null,SN01244,978311896604,-53.0,0.8347,867500
1006835900000000000008D4,null,SN01244,978311896710,-52.3,1.1293,865700
1006835900000000000008D4,null,SN01244,978311896837,-53.0,1.1293,865700
1006835900000000000008D4,null,SN01244,978311896956,-53.9,1.1293,865700
1006835900000000000008D4,null,SN01244,978311897092,-53.9,1.1293,865700
1006835900000000000008D4,null,SN01244,978311897114,-53.9,1.0802,865700
1006835900000000000008D4,null,SN01244,978311897291,-53.0,1.1293,865700
1006835900000000000008D4,null,SN01244,978311897367,-53.9,1.0802,865700
1006835900000000000008D4,null,SN01244,978311897422,-53.9,1.1293,865700
1006835900000000000008D4,null,SN01244,978311897581,-53.0,1.1293,865700
1006835900000000000008D4,null,SN01244,978311897642,-53.9,1.0802,865700
1006835900000000000008D4,null,SN01244,978311897762,-53.9,1.0802,865700
1006835900000000000008D4,null,SN01244,978311897792,-52.3,1.1293,865700
1006835900000000000008D4,null,SN01244,978311897895,-53.0,1.1293,865700
1006835900000000000008D4,null,SN01244,978311898069,-53.0,1.0802,865700
1006835900000000000008D4,null,SN01244,978311898140,-53.0,1.0802,865700
1006835900000000000008D4,null,SN01244,978311898208,-53.9,1.0802,865700
1006835900000000000008D4,null,SN01244,978311898277,-53.9,1.1293,865700
1006835900000000000008D4,null,SN01244,978311898444,-53.0,1.1293,865700
1006835900000000000008D4,null,SN01244,978311898529,-52.3,1.0802,865700
1006835900000000000008D4,null,SN01244,978311898588,-52.3,1.0802,865700
1006835900000000000008D4,null,SN01244,978311898715,-53.0,1.0802,865700
1006835900000000000008D4,null,SN01244,978311898963,-52.3,1.1293,865700
1006835900000000000008D4,null,SN01244,978311899125,-53.9,1.0802,865700
1006835900000000000008D4,null,SN01244,978311899198,-53.9,1.1293,865700
1006835900000000000008D4,null,SN01244,978311899258,-53.9,1.1293,865700
1006835900000000000008D4,null,SN01244,978311899347,-53.9,1.1293,865700
1006835900000000000008D4,null,SN01244,978311899460,-53.9,1.1293,865700
1006835900000000000008D4,null,SN01244,978311899618,-53.9,1.0802,865700
1006835900000000000008D4,null,SN01244,978311899661,-53.9,1.1293,865700
1006835900000000000008D4,null,SN01244,978311899773,-52.3,1.1293,865700
1006835900000000000008D4,null,SN01244,978311899912,-53.0,1.0802,865700
1006835900000000000008D4,null,SN01244,978311899962,-53.0,1.0802,865700
1006835900000000000008D4,null,SN01244,978311900097,-53.0,1.1293,865700
1006835900000000000008D4,null,SN01244,978311900206,-53.9,1.1293,865700
1006835900000000000008D4,null,SN01244,978311900228,-53.0,1.1293,865700
1006835900000000000008D4,null,SN01244,978311900346,-53.9,1.0802,865700
1006835900000000000008D4,null,SN01244,978311900443,-53.9,1.1293,865700
1006835900000000000008D4,null,SN01244,978311900593,-53.0,1.0802,865700
1006835900000000000008D4,null,SN01244,978311900793,-53.0,0.9329,866300
1006835900000000000008D4,null,SN01244,978311900918,-53.0,0.9329,866300
1006835900000000000008D4,null,SN01244,978311900989,-53.0,0.982,866300
1006835900000000000008D4,null,SN01244,978311901051,-53.9,0.9329,866300
1006835900000000000008D4,null,SN01244,978311901175,-52.3,0.982,866300
1006835900000000000008D4,null,SN01244,978311901300,-52.3,0.982,866300
1006835900000000000008D4,null,SN01244,978311901375,-53.0,0.982,866300
1006835900000000000008D4,null,SN01244,978311901520,-53.0,0.9329,866300
1006835900000000000008D4,null,SN01244,978311901581,-53.0,1.0311,866300
1006835900000000000008D4,null,SN01244,978311901655,-53.0,0.982,866300
1006835900000000000008D4,null,SN01244,978311901777,-52.3,0.982,866300
1006835900000000000008D4,null,SN01244,978311901914,-53.0,0.982,866300
1006835900000000000008D4,null,SN01244,978311901971,-53.0,0.982,866300
1006835900000000000008D4,null,SN01244,978311902091,-52.3,0.982,866300
1006835900000000000008D4,null,SN01244,978311902185,-53.0,0.9329,866300
1006835900000000000008D4,null,SN01244,978311902254,-53.9,0.982,866300
1006835900000000000008D4,null,SN01244,978311902326,-53.9,0.9329,866300
1006835900000000000008D4,null,SN01244,978311902499,-53.0,0.982,866300
1006835900000000000008D4,null,SN01244,978311902583,-53.9,0.9329,866300
1006835900000000000008D4,null,SN01244,978311902672,-53.0,0.9329,866300
1006835900000000000008D4,null,SN01244,978311902785,-53.0,0.9329,866300
1006835900000000000008D4,null,SN01244,978311902794,-52.3,0.982,866300
1006835900000000000008D4,null,SN01244,978311902937,-53.0,0.9329,866300
1006835900000000000008D4,null,SN01244,978311903007,-53.9,0.982,866300
1006835900000000000008D4,null,SN01244,978311903121,-53.0,0.9329,866300
1006835900000000000008D4,null,SN01244,978311903276,-53.9,0.982,866300
1006835900000000000008D4,null,SN01244,978311903297,-53.0,0.982,866300
1006835900000000000008D4,null,SN01244,978311903726,-52.3,0.9329,866300
1006835900000000000008D4,null,SN01244,978311903727,-53.0,0.9329,866300
1006835900000000000008D4,null,SN01244,978311903728,-53.0,0.982,866300
1006835900000000000008D4,null,SN01244,978311903729,-53.0,0.9329,866300
1006835900000000000008D4,null,SN01244,978311903902,-52.3,0.9329,866900
1006835900000000000008D4,null,SN01244,978311904019,-52.3,0.9329,866900
1006835900000000000008D4,null,SN01244,978311904098,-53.0,0.982,866900
1006835900000000000008D4,null,SN01244,978311904181,-53.0,0.982,866900
1006835900000000000008D4,null,SN01244,978311904275,-53.0,0.9329,866900
1006835900000000000008D4,null,SN01244,978311904411,-53.0,0.9329,866900
1006835900000000000008D4,null,SN01244,978311904511,-53.0,0.9329,866900
1006835900000000000008D4,null,SN01244,978311904580,-53.0,0.9329,866900
1006835900000000000008D4,null,SN01244,978311904673,-53.0,0.9329,866900
1006835900000000000008D4,null,SN01244,978311904812,-53.0,0.9329,866900
1006835900000000000008D4,null,SN01244,978311904927,-53.0,0.982,866900
1006835900000000000008D4,null,SN01244,978311904978,-53.0,0.9329,866900
1006835900000000000008D4,null,SN01244,978311905114,-53.0,0.9329,866900
1006835900000000000008D4,null,SN01244,978311905227,-53.0,0.9329,866900
1006835900000000000008D4,null,SN01244,978311905324,-53.0,0.9329,866900
1006835900000000000008D4,null,SN01244,978311905407,-53.0,0.9329,866900
1006835900000000000008D4,null,SN01244,978311905515,-53.0,0.9329,866900
1006835900000000000008D4,null,SN01244,978311905593,-53.0,0.9329,866900
1006835900000000000008D4,null,SN01244,978311905682,-53.0,0.982,866900
1006835900000000000008D4,null,SN01244,978311905778,-53.0,0.9329,866900
1006835900000000000008D4,null,SN01244,978311905829,-53.0,0.982,866900
1006835900000000000008D4,null,SN01244,978311905988,-53.0,0.982,866900
1006835900000000000008D4,null,SN01244,978311906056,-53.0,0.9329,866900
1006835900000000000008D4,null,SN01244,978311906195,-53.0,0.9329,866900
1006835900000000000008D4,null,SN01244,978311906256,-53.9,0.9329,866900
1006835900000000000008D4,null,SN01244,978311906405,-53.9,0.9329,866900
1006835900000000000008D4,null,SN01244,978311906453,-53.9,0.9329,866900
1006835900000000000008D4,null,SN01244,978311906592,-52.3,0.982,866900
1006835900000000000008D4,null,SN01244,978311906615,-53.0,0.982,866900
1006835900000000000008D4,null,SN01244,978311906711,-52.3,0.9329,866900
1006835900000000000008D4,null,SN01244,978311906871,-53.9,0.9329,866900
1006835900000000000008D4,null,SN01244,978311906978,-52.3,0.9329,866900
1006835900000000000008D4,null,SN01244,978311907027,-53.0,0.9329,866900
1006835900000000000008D4,null,SN01244,978311907135,-53.0,0.982,866900
1006835900000000000008D4,null,SN01244,978311907221,-52.3,0.9329,866900
1006835900000000000008D4,null,SN01244,978311907349,-53.9,0.9329,866900
1006835900000000000008D4,null,SN01244,978311907444,-53.9,0.982,866900
1006835900000000000008D4,null,SN01244,978311907512,-53.0,0.982,866900
1006835900000000000008D4,null,SN01244,978311907587,-53.0,0.9329,866900
1006835900000000000008D4,null,SN01244,978311907911,-53.0,0.8347,867500
1006835900000000000008D4,null,SN01244,978311907912,-52.3,0.8347,867500
1006835900000000000008D4,null,SN01244,978311908076,-53.0,0.8347,867500
1006835900000000000008D4,null,SN01244,978311908127,-53.0,0.7856,867500
1006835900000000000008D4,null,SN01244,978311908276,-53.0,0.7856,867500
1006835900000000000008D4,null,SN01244,978311908356,-53.0,0.7856,867500
1006835900000000000008D4,null,SN01244,978311908483,-52.3,0.8347,867500
1006835900000000000008D4,null,SN01244,978311908550,-53.0,0.7856,867500
1006835900000000000008D4,null,SN01244,978311908640,-53.0,0.7856,867500
1006835900000000000008D4,null,SN01244,978311908780,-53.0,0.7856,867500
1006835900000000000008D4,null,SN01244,978311908873,-53.0,0.8347,867500
1006835900000000000008D4,null,SN01244,978311908970,-52.3,0.7856,867500
1006835900000000000008D4,null,SN01244,978311908993,-53.0,0.8347,867500
1006835900000000000008D4,null,SN01244,978311909176,-53.0,0.7856,867500
1006835900000000000008D4,null,SN01244,978311909197,-52.3,0.7856,867500
1006835900000000000008D4,null,SN01244,978311909325,-53.0,0.8347,867500
1006835900000000000008D4,null,SN01244,978311909407,-52.3,0.7856,867500
1006835900000000000008D4,null,SN01244,978311909515,-53.0,0.8347,867500
1006835900000000000008D4,null,SN01244,978311909839,-53.0,0.8347,867500
1006835900000000000008D4,null,SN01244,978311909903,-52.3,0.8347,867500
1006835900000000000008D4,null,SN01244,978311909969,-53.0,0.7856,867500
1006835900000000000008D4,null,SN01244,978311910118,-53.0,0.8347,867500
1006835900000000000008D4,null,SN01244,978311910173,-52.3,0.7856,867500
1006835900000000000008D4,null,SN01244,978311910333,-52.3,0.8347,867500
1006835900000000000008D4,null,SN01244,978311910431,-52.3,0.8347,867500
1006835900000000000008D4,null,SN01244,978311910432,-53.0,0.8347,867500
1006835900000000000008D4,null,SN01244,978311910608,-53.0,0.7856,867500
1006835900000000000008D4,null,SN01244,978311910732,-53.0,0.8347,867500
1006835900000000000008D4,null,SN01244,978311910754,-52.3,0.8347,867500
1006835900000000000008D4,null,SN01244,978311910953,-53.9,1.0802,865700
1006835900000000000008D4,null,SN01244,978311911070,-52.3,1.0802,865700
1006835900000000000008D4,null,SN01244,978311911171,-53.9,1.1293,865700
1006835900000000000008D4,null,SN01244,978311911276,-53.0,1.0802,865700
1006835900000000000008D4,null,SN01244,978311911351,-53.0,1.0802,865700
1006835900000000000008D4,null,SN01244,978311911479,-52.3,1.0802,865700
1006835900000000000008D4,null,SN01244,978311911500,-53.0,1.1293,865700
1006835900000000000008D4,null,SN01244,978311911653,-53.9,1.0802,865700
1006835900000000000008D4,null,SN01244,978311911753,-53.0,1.1293,865700
1006835900000000000008D4,null,SN01244,978311911774,-53.9,1.0802,865700
1006835900000000000008D4,null,SN01244,978311911909,-53.9,1.1293,865700
1006835900000000000008D4,null,SN01244,978311912049,-53.9,1.0802,865700
1006835900000000000008D4,null,SN01244,978311912320,-53.9,1.0802,865700
1006835900000000000008D4,null,SN01244,978311912398,-53.9,1.0802,865700
1006835900000000000008D4,null,SN01244,978311912478,-53.9,1.1293,865700
1006835900000000000008D4,null,SN01244,978311912592,-53.9,1.1293,865700
1006835900000000000008D4,null,SN01244,978311912734,-52.3,1.1293,865700
1006835900000000000008D4,null,SN01244,978311912796,-53.9,1.0802,865700
1006835900000000000008D4,null,SN01244,978311912905,-53.9,1.0802,865700
1006835900000000000008D4,null,SN01244,978311913021,-53.0,1.1293,865700
1006835900000000000008D4,null,SN01244,978311913106,-53.0,1.1293,865700
1006835900000000000008D4,null,SN01244,978311913211,-53.9,1.1293,865700
1006835900000000000008D4,null,SN01244,978311913306,-52.3,1.1293,865700
1006835900000000000008D4,null,SN01244,978311913376,-53.0,1.0802,865700
1006835900000000000008D4,null,SN01244,978311913464,-52.3,1.0802,865700
1006835900000000000008D4,null,SN01244,978311913590,-53.9,1.1293,865700
1006835900000000000008D4,null,SN01244,978311913693,-53.0,1.1293,865700
1006835900000000000008D4,null,SN01244,978311913726,-53.9,1.1293,865700
1006835900000000000008D4,null,SN01244,978311913825,-52.3,1.0802,865700
1006835900000000000008D4,null,SN01244,978311913943,-53.0,1.0802,865700
1006835900000000000008D4,null,SN01244,978311914016,-53.0,1.1293,865700
1006835900000000000008D4,null,SN01244,978311914120,-53.9,1.1293,865700
1006835900000000000008D4,null,SN01244,978311914294,-53.0,1.1293,865700
1006835900000000000008D4,null,SN01244,978311914343,-53.9,1.1293,865700
1006835900000000000008D4,null,SN01244,978311914421,-53.9,1.1293,865700
1006835900000000000008D4,null,SN01244,978311914545,-53.0,1.1293,865700
1006835900000000000008D4,null,SN01244,978311914666,-53.0,1.0802,865700
1006835900000000000008D4,null,SN01244,978311914899,-53.0,0.982,866300
1006835900000000000008D4,null,SN01244,978311914995,-53.0,0.9329,866300
1006835900000000000008D4,null,SN01244,978311915111,-53.0,0.982,866300
1006835900000000000008D4,null,SN01244,978311915217,-53.9,0.982,866300
1006835900000000000008D4,null,SN01244,978311915305,-53.0,0.9329,866300
1006835900000000000008D4,null,SN01244,978311915408,-53.9,0.982,866300
1006835900000000000008D4,null,SN01244,978311915509,-53.9,0.982,866300
1006835900000000000008D4,null,SN01244,978311915594,-53.9,0.982,866300
1006835900000000000008D4,null,SN01244,978311915695,-53.0,0.982,866300
1006835900000000000008D4,null,SN01244,978311915718,-53.0,0.982,866300
1006835900000000000008D4,null,SN01244,978311915831,-53.0,0.982,866300
1006835900000000000008D4,null,SN01244,978311915992,-53.9,0.9329,866300
1006835900000000000008D4,null,SN01244,978311916094,-53.9,0.982,866300
1006835900000000000008D4,null,SN01244,978311916117,-53.0,0.982,866300
1006835900000000000008D4,null,SN01244,978311916207,-53.9,0.982,866300
1006835900000000000008D4,null,SN01244,978311916313,-52.3,0.982,866300
1006835900000000000008D4,null,SN01244,978311916468,-52.3,0.982,866300
1006835900000000000008D4,null,SN01244,978311916552,-53.0,0.982,866300
1006835900000000000008D4,null,SN01244,978311916642,-53.0,0.9329,866300
1006835900000000000008D4,null,SN01244,978311916777,-53.0,0.9329,866300
1006835900000000000008D4,null,SN01244,978311916869,-53.0,0.982,866300
1006835900000000000008D4,null,SN01244,978311916918,-53.9,0.982,866300
1006835900000000000008D4,null,SN01244,978311917017,-52.3,0.982,866300
1006835900000000000008D4,null,SN01244,978311917159,-53.0,0.9329,866300
1006835900000000000008D4,null,SN01244,978311917180,-53.0,0.9329,866300
1006835900000000000008D4,null,SN01244,978311917307,-53.9,0.982,866300
1006835900000000000008D4,null,SN01244,978311917421,-53.9,0.982,866300
1006835900000000000008D4,null,SN01244,978311917699,-53.0,0.982,866300
1006835900000000000008D4,null,SN01244,978311917762,-52.3,0.982,866300
1006835900000000000008D4,null,SN01244,978311917989,-53.0,0.9329,866900
1006835900000000000008D4,null,SN01244,978311918097,-53.0,0.9329,866900
1006835900000000000008D4,null,SN01244,978311918199,-53.0,0.9329,866900
1006835900000000000008D4,null,SN01244,978311918244,-52.3,0.9329,866900
1006835900000000000008D4,null,SN01244,978311918358,-52.3,0.9329,866900
1006835900000000000008D4,null,SN01244,978311918448,-53.0,0.9329,866900
1006835900000000000008D4,null,SN01244,978311918621,-53.0,0.982,866900
1006835900000000000008D4,null,SN01244,978311918700,-53.0,0.982,866900
1006835900000000000008D4,null,SN01244,978311918747,-53.9,0.9329,866900
1006835900000000000008D4,null,SN01244,978311918826,-53.0,0.9329,866900
1006835900000000000008D4,null,SN01244,978311918988,-52.3,0.9329,866900
1006835900000000000008D4,null,SN01244,978311919087,-53.0,0.9329,866900
1006835900000000000008D4,null,SN01244,978311919182,-53.0,0.9329,866900
1006835900000000000008D4,null,SN01244,978311919225,-53.0,0.9329,866900
1006835900000000000008D4,null,SN01244,978311919361,-53.0,0.9329,866900
1006835900000000000008D4,null,SN01244,978311919498,-53.0,0.9329,866900
1006835900000000000008D4,null,SN01244,978311919570,-52.3,0.9329,866900
1006835900000000000008D4,null,SN01244,978311919680,-53.0,0.9329,866900
1006835900000000000008D4,null,SN01244,978311919731,-53.0,0.982,866900
1006835900000000000008D4,null,SN01244,978311919854,-53.0,0.9329,866900
1006835900000000000008D4,null,SN01244,978311919979,-53.0,0.982,866900
1006835900000000000008D4,null,SN01244,978311920028,-53.0,0.9329,866900
1006835900000000000008D4,null,SN01244,978311920107,-53.0,0.9329,866900
1006835900000000000008D4,null,SN01244,978311920230,-53.0,0.9329,866900
1006835900000000000008D4,null,SN01244,978311920315,-52.3,0.9329,866900
1006835900000000000008D4,null,SN01244,978311920410,-53.0,0.9329,866900
1006835900000000000008D4,null,SN01244,978311920494,-53.0,0.9329,866900
1006835900000000000008D4,null,SN01244,978311920587,-53.0,0.9329,866900
1006835900000000000008D4,null,SN01244,978311920753,-53.0,0.9329,866900
1006835900000000000008D4,null,SN01244,978311920820,-53.9,0.982,866900
1006835900000000000008D4,null,SN01244,978311920898,-53.0,0.982,866900
1006835900000000000008D4,null,SN01244,978311921035,-52.3,0.982,866900
1006835900000000000008D4,null,SN01244,978311921142,-53.0,0.9329,866900
1006835900000000000008D4,null,SN01244,978311921197,-53.0,0.9329,866900
1006835900000000000008D4,null,SN01244,978311921326,-53.0,0.9329,866900
1006835900000000000008D4,null,SN01244,978311921347,-52.3,0.982,866900
1006835900000000000008D4,null,SN01244,978311921528,-53.0,0.9329,866900
1006835900000000000008D4,null,SN01244,978311921606,-52.3,0.9329,866900
1006835900000000000008D4,null,SN01244,978311921697,-53.9,0.9329,866900
1006835900000000000008D4,null,SN01244,978311921897,-52.3,0.8837999999999999,867500
1006835900000000000008D4,null,SN01244,978311922041,-52.3,0.7856,867500
1006835900000000000008D4,null,SN01244,978311922164,-53.0,0.7856,867500
1006835900000000000008D4,null,SN01244,978311922186,-52.3,0.7856,867500
1006835900000000000008D4,null,SN01244,978311922350,-53.0,0.7856,867500
1006835900000000000008D4,null,SN01244,978311922449,-53.0,0.8347,867500
1006835900000000000008D4,null,SN01244,978311922547,-53.0,0.8347,867500
1006835900000000000008D4,null,SN01244,978311922633,-53.0,0.8347,867500
1006835900000000000008D4,null,SN01244,978311922655,-53.0,0.8347,867500
1006835900000000000008D4,null,SN01244,978311922780,-53.0,0.8837999999999999,867500
1006835900000000000008D4,null,SN01244,978311922951,-52.3,0.7856,867500
1006835900000000000008D4,null,SN01244,978311922953,-52.3,0.8347,867500
1006835900000000000008D4,null,SN01244,978311923076,-53.0,0.7856,867500
1006835900000000000008D4,null,SN01244,978311923230,-53.0,0.8347,867500
1006835900000000000008D4,null,SN01244,978311923294,-53.0,0.7856,867500
1006835900000000000008D4,null,SN01244,978311923414,-52.3,0.8347,867500
1006835900000000000008D4,null,SN01244,978311923458,-52.3,0.8347,867500
1006835900000000000008D4,null,SN01244,978311923594,-53.0,0.8347,867500
1006835900000000000008D4,null,SN01244,978311923669,-52.3,0.8347,867500
1006835900000000000008D4,null,SN01244,978311923786,-52.3,0.7856,867500
1006835900000000000008D4,null,SN01244,978311923908,-52.3,0.7856,867500
1006835900000000000008D4,null,SN01244,978311924027,-52.3,0.7856,867500
1006835900000000000008D4,null,SN01244,978311924112,-53.0,0.7856,867500
1006835900000000000008D4,null,SN01244,978311924134,-53.0,0.8347,867500
1006835900000000000008D4,null,SN01244,978311924280,-53.0,0.8347,867500
1006835900000000000008D4,null,SN01244,978311924315,-53.0,0.8837999999999999,867500
1006835900000000000008D4,null,SN01244,978311924458,-52.3,0.7856,867500
1006835900000000000008D4,null,SN01244,978311924560,-53.0,0.7856,867500
1006835900000000000008D4,null,SN01244,978311924689,-53.0,0.7856,867500
1006835900000000000008D4,null,SN01244,978311924738,-52.3,0.8347,867500
1006835900000000000008D4,null,SN01244,978311924955,-53.0,1.0802,865700
1006835900000000000008D4,null,SN01244,978311925014,-52.3,1.0802,865700
1006835900000000000008D4,null,SN01244,978311925117,-53.0,1.0802,865700
1006835900000000000008D4,null,SN01244,978311925214,-53.9,1.0802,865700
1006835900000000000008D4,null,SN01244,978311925365,-53.0,1.1293,865700
1006835900000000000008D4,null,SN01244,978311925418,-52.3,1.0802,865700
1006835900000000000008D4,null,SN01244,978311925517,-53.0,1.0802,865700
1006835900000000000008D4,null,SN01244,978311925583,-53.0,1.1293,865700
1006835900000000000008D4,null,SN01244,978311925726,-53.9,1.1293,865700
1006835900000000000008D4,null,SN01244,978311925851,-52.3,1.0802,865700
1006835900000000000008D4,null,SN01244,978311925914,-53.0,1.0802,865700
1006835900000000000008D4,null,SN01244,978311926044,-53.9,1.0802,865700
1006835900000000000008D4,null,SN01244,978311926149,-53.9,1.0802,865700
1006835900000000000008D4,null,SN01244,978311926170,-53.9,1.1293,865700
1006835900000000000008D4,null,SN01244,978311926335,-53.9,1.0802,865700
1006835900000000000008D4,null,SN01244,978311926379,-53.9,1.0802,865700
1006835900000000000008D4,null,SN01244,978311926509,-53.9,1.0802,865700
1006835900000000000008D4,null,SN01244,978311926593,-53.9,1.1293,865700
1006835900000000000008D4,null,SN01244,978311926660,-53.9,1.0802,865700
1006835900000000000008D4,null,SN01244,978311926773,-53.9,1.0802,865700
1006835900000000000008D4,null,SN01244,978311926892,-53.0,1.1293,865700
1006835900000000000008D4,null,SN01244,978311926996,-52.3,1.1293,865700
1006835900000000000008D4,null,SN01244,978311927045,-53.9,1.1293,865700
1006835900000000000008D4,null,SN01244,978311927191,-53.9,1.0802,865700
1006835900000000000008D4,null,SN01244,978311927325,-53.9,1.0802,865700
1006835900000000000008D4,null,SN01244,978311927403,-53.9,1.1293,865700
1006835900000000000008D4,null,SN01244,978311927514,-53.9,1.0802,865700
1006835900000000000008D4,null,SN01244,978311927591,-52.3,1.1293,865700
1006835900000000000008D4,null,SN01244,978311927699,-53.9,1.1784,865700
1006835900000000000008D4,null,SN01244,978311927748,-53.9,1.1293,865700
1006835900000000000008D4,null,SN01244,978311927906,-53.9,1.1293,865700
1006835900000000000008D4,null,SN01244,978311927979,-53.0,1.0802,865700
1006835900000000000008D4,null,SN01244,978311928101,-53.9,1.1293,865700
1006835900000000000008D4,null,SN01244,978311928190,-52.3,1.0802,865700
1006835900000000000008D4,null,SN01244,978311928213,-53.0,1.0802,865700
1006835900000000000008D4,null,SN01244,978311928366,-53.9,1.1293,865700
1006835900000000000008D4,null,SN01244,978311928413,-53.9,1.1293,865700
1006835900000000000008D4,null,SN01244,978311928574,-53.0,1.0802,865700
1006835900000000000008D4,null,SN01244,978311928596,-52.3,1.1293,865700
1006835900000000000008D4,null,SN01244,978311928715,-53.0,1.0802,865700
1006835900000000000008D4,null,SN01244,978311928981,-53.9,0.982,866300
1006835900000000000008D4,null,SN01244,978311929066,-53.0,0.9329,866300
1006835900000000000008D4,null,SN01244,978311929170,-53.9,0.982,866300
1006835900000000000008D4,null,SN01244,978311929255,-53.0,0.982,866300
1006835900000000000008D4,null,SN01244,978311929375,-53.0,0.982,866300
1006835900000000000008D4,null,SN01244,978311929487,-53.0,0.982,866300
1006835900000000000008D4,null,SN01244,978311929564,-53.0,0.982,866300
1006835900000000000008D4,null,SN01244,978311929624,-52.3,0.982,866300
1006835900000000000008D4,null,SN01244,978311929764,-53.0,0.982,866300
1006835900000000000008D4,null,SN01244,978311929902,-53.0,0.982,866300
1006835900000000000008D4,null,SN01244,978311929904,-53.0,1.0802,866300
1006835900000000000008D4,null,SN01244,978311930047,-53.9,0.982,866300
1006835900000000000008D4,null,SN01244,978311930137,-52.3,0.982,866300
1006835900000000000008D4,null,SN01244,978311930278,-53.9,0.982,866300
1006835900000000000008D4,null,SN01244,978311930341,-53.0,0.9329,866300
1006835900000000000008D4,null,SN01244,978311930409,-53.0,0.982,866300
1006835900000000000008D4,null,SN01244,978311930499,-53.9,0.982,866300
1006835900000000000008D4,null,SN01244,978311930610,-53.0,0.982,866300
1006835900000000000008D4,null,SN01244,978311930746,-53.9,0.982,866300
1006835900000000000008D4,null,SN01244,978311930802,-53.9,0.9329,866300
1006835900000000000008D4,null,SN01244,978311930953,-53.0,0.9329,866300
1006835900000000000008D4,null,SN01244,978311931042,-53.0,0.982,866300
1006835900000000000008D4,null,SN01244,978311931137,-53.0,0.982,866300
1006835900000000000008D4,null,SN01244,978311931231,-53.9,0.9329,866300
1006835900000000000008D4,null,SN01244,978311931299,-53.0,0.982,866300
1006835900000000000008D4,null,SN01244,978311931464,-53.9,0.982,866300
1006835900000000000008D4,null,SN01244,978311931532,-53.0,0.982,866300
1006835900000000000008D4,null,SN01244,978311931586,-53.0,0.982,866300
1006835900000000000008D4,null,SN01244,978311931757,-53.0,0.982,866300
1006835900000000000008D4,null,SN01244,978311931779,-53.0,0.982,866300
1006835900000000000008D4,null,SN01244,978311931887,-52.3,0.982,866300
1006835900000000000008D4,null,SN01244,978311932062,-53.0,0.9329,866900
1006835900000000000008D4,null,SN01244,978311932182,-53.0,0.982,866900
1006835900000000000008D4,null,SN01244,978311932291,-53.0,0.982,866900
1006835900000000000008D4,null,SN01244,978311932392,-53.0,0.9329,866900
1006835900000000000008D4,null,SN01244,978311932476,-53.0,0.9329,866900
1006835900000000000008D4,null,SN01244,978311932542,-53.0,0.982,866900
1006835900000000000008D4,null,SN01244,978311932663,-53.0,0.982,866900
1006835900000000000008D4,null,SN01244,978311932803,-53.0,0.9329,866900
1006835900000000000008D4,null,SN01244,978311932868,-53.0,0.9329,866900
1006835900000000000008D4,null,SN01244,978311932934,-53.0,0.982,866900
1006835900000000000008D4,null,SN01244,978311933012,-53.0,0.9329,866900
1006835900000000000008D4,null,SN01244,978311933135,-53.0,0.9329,866900
1006835900000000000008D4,null,SN01244,978311933280,-53.0,0.9329,866900
1006835900000000000008D4,null,SN01244,978311933294,-53.0,0.9329,866900
1006835900000000000008D4,null,SN01244,978311933412,-53.0,0.9329,866900
1006835900000000000008D4,null,SN01244,978311933562,-53.0,0.9329,866900
1006835900000000000008D4,null,SN01244,978311933644,-53.0,0.9329,866900
1006835900000000000008D4,null,SN01244,978311933781,-53.0,0.9329,866900
1006835900000000000008D4,null,SN01244,978311933804,-53.0,0.9329,866900
1006835900000000000008D4,null,SN01244,978311933908,-53.0,0.982,866900
1006835900000000000008D4,null,SN01244,978311934023,-53.0,0.9329,866900
1006835900000000000008D4,null,SN01244,978311934116,-53.0,0.9329,866900
1006835900000000000008D4,null,SN01244,978311934267,-53.0,0.9329,866900
1006835900000000000008D4,null,SN01244,978311934338,-52.3,0.9329,866900
1006835900000000000008D4,null,SN01244,978311934405,-53.0,0.9329,866900
1006835900000000000008D4,null,SN01244,978311934478,-53.0,0.9329,866900
1006835900000000000008D4,null,SN01244,978311934636,-53.0,0.982,866900
1006835900000000000008D4,null,SN01244,978311934689,-53.0,0.982,866900
1006835900000000000008D4,null,SN01244,978311934813,-53.0,0.9329,866900
1006835900000000000008D4,null,SN01244,978311934927,-53.9,0.9329,866900
1006835900000000000008D4,null,SN01244,978311934970,-53.0,0.982,866900
1006835900000000000008D4,null,SN01244,978311935071,-53.0,0.9329,866900
1006835900000000000008D4,null,SN01244,978311935170,-53.0,0.982,866900
1006835900000000000008D4,null,SN01244,978311935324,-53.0,0.9329,866900
1006835900000000000008D4,null,SN01244,978311935400,-53.0,0.9329,866900
1006835900000000000008D4,null,SN01244,978311935528,-52.3,0.982,866900
1006835900000000000008D4,null,SN01244,978311935628,-53.0,0.9329,866900
1006835900000000000008D4,null,SN01244,978311935675,-53.0,0.982,866900
1006835900000000000008D4,null,SN01244,978311935748,-52.3,0.9329,866900
1006835900000000000008D4,null,SN01244,978311936032,-53.0,0.8347,867500
1006835900000000000008D4,null,SN01244,978311936132,-53.0,0.7856,867500
1006835900000000000008D4,null,SN01244,978311936265,-52.3,0.7856,867500
1006835900000000000008D4,null,SN01244,978311936316,-53.0,0.7856,867500
1006835900000000000008D4,null,SN01244,978311936426,-52.3,0.7856,867500
1006835900000000000008D4,null,SN01244,978311936492,-53.0,0.8347,867500
1006835900000000000008D4,null,SN01244,978311936568,-53.0,0.8347,867500
1006835900000000000008D4,null,SN01244,978311936690,-52.3,0.8347,867500
1006835900000000000008D4,null,SN01244,978311936783,-53.0,0.8347,867500
1006835900000000000008D4,null,SN01244,978311936881,-53.0,0.7856,867500
1006835900000000000008D4,null,SN01244,978311937012,-53.0,0.8347,867500
1006835900000000000008D4,null,SN01244,978311937123,-52.3,0.8347,867500
1006835900000000000008D4,null,SN01244,978311937202,-53.0,0.8347,867500
1006835900000000000008D4,null,SN01244,978311937256,-53.0,0.8347,867500
1006835900000000000008D4,null,SN01244,978311937387,-53.0,0.8347,867500
1006835900000000000008D4,null,SN01244,978311937499,-53.0,0.7856,867500
1006835900000000000008D4,null,SN01244,978311937602,-53.0,0.8347,867500
1006835900000000000008D4,null,SN01244,978311937665,-53.0,0.8347,867500
1006835900000000000008D4,null,SN01244,978311937815,-53.0,0.8347,867500
1006835900000000000008D4,null,SN01244,978311937910,-53.0,0.7856,867500
1006835900000000000008D4,null,SN01244,978311937953,-52.3,0.8347,867500
1006835900000000000008D4,null,SN01244,978311938069,-53.0,0.7856,867500
1006835900000000000008D4,null,SN01244,978311938129,-53.0,0.8347,867500
1006835900000000000008D4,null,SN01244,978311938257,-53.0,0.8347,867500
1006835900000000000008D4,null,SN01244,978311938396,-53.0,0.8347,867500
1006835900000000000008D4,null,SN01244,978311938447,-52.3,0.8347,867500
1006835900000000000008D4,null,SN01244,978311938544,-53.0,0.8347,867500
1006835900000000000008D4,null,SN01244,978311938670,-53.0,0.7856,867500
1006835900000000000008D4,null,SN01244,978311938787,-52.3,0.7856,867500
1006835900000000000008D4,null,SN01244,978311938812,-53.0,0.7856,867500
1006835900000000000008D4,null,SN01244,978311939005,-53.9,1.1293,865700
1006835900000000000008D4,null,SN01244,978311939088,-53.9,1.1293,865700
1006835900000000000008D4,null,SN01244,978311939238,-53.0,1.0802,865700
1006835900000000000008D4,null,SN01244,978311939281,-53.9,1.1293,865700
1006835900000000000008D4,null,SN01244,978311939423,-53.9,1.0802,865700
1006835900000000000008D4,null,SN01244,978311939483,-53.9,1.1293,865700
1006835900000000000008D4,null,SN01244,978311939641,-53.0,1.0802,865700
1006835900000000000008D4,null,SN01244,978311939698,-53.9,1.1293,865700
1006835900000000000008D4,null,SN01244,978311939832,-53.9,1.1293,865700
1006835900000000000008D4,null,SN01244,978311939894,-52.3,1.0802,865700
1006835900000000000008D4,null,SN01244,978311939987,-53.9,1.0802,865700
1006835900000000000008D4,null,SN01244,978311940041,-53.0,1.0802,865700
1006835900000000000008D4,null,SN01244,978311940167,-53.9,1.0802,865700
1006835900000000000008D4,null,SN01244,978311940319,-53.0,1.0802,865700
1006835900000000000008D4,null,SN01244,978311940319,-53.0,1.1293,865700
1006835900000000000008D4,null,SN01244,978311940460,-53.9,1.0802,865700
1006835900000000000008D4,null,SN01244,978311940601,-53.9,1.1293,865700
1006835900000000000008D4,null,SN01244,978311940706,-53.0,1.1293,865700
1006835900000000000008D4,null,SN01244,978311940779,-53.0,1.1293,865700
1006835900000000000008D4,null,SN01244,978311940867,-52.3,1.1293,865700
1006835900000000000008D4,null,SN01244,978311940967,-53.9,1.0802,865700
1006835900000000000008D4,null,SN01244,978311941097,-53.9,1.0802,865700
1006835900000000000008D4,null,SN01244,978311941098,-53.9,1.1784,865700
1006835900000000000008D4,null,SN01244,978311941206,-53.0,1.1784,865700
1006835900000000000008D4,null,SN01244,978311941319,-53.9,1.0802,865700
1006835900000000000008D4,null,SN01244,978311941432,-53.9,1.0802,865700
1006835900000000000008D4,null,SN01244,978311941529,-53.9,1.0802,865700
1006835900000000000008D4,null,SN01244,978311941671,-52.3,1.0802,865700
1006835900000000000008D4,null,SN01244,978311941767,-53.0,1.1293,865700
1006835900000000000008D4,null,SN01244,978311941796,-53.0,1.1293,865700
1006835900000000000008D4,null,SN01244,978311942078,-53.0,1.1293,865700
1006835900000000000008D4,null,SN01244,978311942220,-53.9,1.1293,865700
1006835900000000000008D4,null,SN01244,978311942358,-53.0,1.1293,865700
1006835900000000000008D4,null,SN01244,978311942379,-53.9,1.1293,865700
1006835900000000000008D4,null,SN01244,978311942527,-53.0,1.1293,865700
1006835900000000000008D4,null,SN01244,978311942583,-53.9,1.1293,865700
1006835900000000000008D4,null,SN01244,978311942715,-53.9,1.0802,865700
1006835900000000000008D4,null,SN01244,978311942783,-53.0,1.1293,865700
1006835900000000000008D4,null,SN01244,978311943076,-53.0,0.9329,866300
1006835900000000000008D4,null,SN01244,978311943151,-52.3,0.9329,866300
1006835900000000000008D4,null,SN01244,978311943272,-53.9,0.982,866300
1006835900000000000008D4,null,SN01244,978311943293,-53.0,0.982,866300
1006835900000000000008D4,null,SN01244,978311943395,-52.3,0.982,866300
1006835900000000000008D4,null,SN01244,978311943539,-52.3,0.982,866300
1006835900000000000008D4,null,SN01244,978311943626,-53.9,0.982,866300
1006835900000000000008D4,null,SN01244,978311943686,-53.0,0.982,866300
1006835900000000000008D4,null,SN01244,978311943816,-53.0,0.982,866300
1006835900000000000008D4,null,SN01244,978311943881,-53.0,0.982,866300
1006835900000000000008D4,null,SN01244,978311944023,-53.9,0.982,866300
1006835900000000000008D4,null,SN01244,978311944136,-53.0,0.9329,866300
1006835900000000000008D4,null,SN01244,978311944228,-53.9,0.982,866300
1006835900000000000008D4,null,SN01244,978311944307,-53.0,0.982,866300
1006835900000000000008D4,null,SN01244,978311944432,-52.3,0.982,866300
1006835900000000000008D4,null,SN01244,978311944508,-53.9,0.982,866300
1006835900000000000008D4,null,SN01244,978311944577,-53.0,0.982,866300
1006835900000000000008D4,null,SN01244,978311944693,-53.9,0.982,866300
1006835900000000000008D4,null,SN01244,978311944825,-53.9,0.982,866300
1006835900000000000008D4,null,SN01244,978311944937,-53.0,0.9329,866300
1006835900000000000008D4,null,SN01244,978311944989,-53.0,0.982,866300
1006835900000000000008D4,null,SN01244,978311945132,-52.3,0.982,866300
1006835900000000000008D4,null,SN01244,978311945228,-52.3,0.982,866300
1006835900000000000008D4,null,SN01244,978311945295,-52.3,0.9329,866300
1006835900000000000008D4,null,SN01244,978311945392,-53.0,0.982,866300
1006835900000000000008D4,null,SN01244,978311945497,-53.0,0.982,866300
1006835900000000000008D4,null,SN01244,978311945560,-53.0,0.982,866300
1006835900000000000008D4,null,SN01244,978311945683,-53.0,0.982,866300
1006835900000000000008D4,null,SN01244,978311945791,-53.0,0.9329,866300
1006835900000000000008D4,null,SN01244,978311945865,-53.9,0.982,866300
1006835900000000000008D4,null,SN01244,978311945936,-53.9,0.9329,866300
1006835900000000000008D4,null,SN01244,978311946174,-53.0,0.982,866900
1006835900000000000008D4,null,SN01244,978311946229,-53.0,0.9329,866900
1006835900000000000008D4,null,SN01244,978311946347,-52.3,0.9329,866900
1006835900000000000008D4,null,SN01244,978311946427,-53.0,0.9329,866900
1006835900000000000008D4,null,SN01244,978311946499,-52.3,0.9329,866900
1006835900000000000008D4,null,SN01244,978311946580,-53.0,0.9329,866900
1006835900000000000008D4,null,SN01244,978311946764,-53.0,0.9329,866900
1006835900000000000008D4,null,SN01244,978311946785,-53.0,0.9329,866900
1006835900000000000008D4,null,SN01244,978311946957,-53.0,0.9329,866900
1006835900000000000008D4,null,SN01244,978311947024,-53.0,0.9329,866900
1006835900000000000008D4,null,SN01244,978311947132,-53.0,0.9329,866900
1006835900000000000008D4,null,SN01244,978311947182,-53.0,0.9329,866900
1006835900000000000008D4,null,SN01244,978311947320,-52.3,0.9329,866900
1006835900000000000008D4,null,SN01244,978311947427,-52.3,0.9329,866900
1006835900000000000008D4,null,SN01244,978311947473,-53.0,0.982,866900
1006835900000000000008D4,null,SN01244,978311947595,-53.0,0.9329,866900
1006835900000000000008D4,null,SN01244,978311947675,-53.0,0.9329,866900
1006835900000000000008D4,null,SN01244,978311947818,-53.0,0.9329,866900
1006835900000000000008D4,null,SN01244,978311947910,-53.9,0.9329,866900
1006835900000000000008D4,null,SN01244,978311948012,-53.0,0.982,866900
1006835900000000000008D4,null,SN01244,978311948070,-53.0,0.9329,866900
1006835900000000000008D4,null,SN01244,978311948174,-52.3,0.9329,866900
1006835900000000000008D4,null,SN01244,978311948228,-53.0,0.982,866900
1006835900000000000008D4,null,SN01244,978311948381,-52.3,0.9329,866900
1006835900000000000008D4,null,SN01244,978311948496,-53.0,0.9329,866900
1006835900000000000008D4,null,SN01244,978311948594,-53.0,0.9329,866900
1006835900000000000008D4,null,SN01244,978311948696,-52.3,0.9329,866900
1006835900000000000008D4,null,SN01244,978311948752,-53.9,0.9329,866900
1006835900000000000008D4,null,SN01244,978311948818,-53.0,0.9329,866900
1006835900000000000008D4,null,SN01244,978311948948,-53.0,0.982,866900
1006835900000000000008D4,null,SN01244,978311949069,-53.0,0.9329,866900
1006835900000000000008D4,null,SN01244,978311949124,-53.0,0.982,866900
1006835900000000000008D4,null,SN01244,978311949220,-53.0,0.982,866900
1006835900000000000008D4,null,SN01244,978311949326,-53.0,0.9329,866900
1006835900000000000008D4,null,SN01244,978311949421,-53.0,0.9329,866900
1006835900000000000008D4,null,SN01244,978311949574,-53.0,0.9329,866900
1006835900000000000008D4,null,SN01244,978311949632,-53.0,0.9329,866900
1006835900000000000008D4,null,SN01244,978311949706,-53.0,0.982,866900
1006835900000000000008D4,null,SN01244,978311949855,-53.0,0.982,866900
1006835900000000000008D4,null,SN01244,978311950039,-53.0,0.9329,867500
1006835900000000000008D4,null,SN01244,978311950167,-53.0,0.7856,867500
1006835900000000000008D4,null,SN01244,978311950293,-53.0,0.7856,867500
1006835900000000000008D4,null,SN01244,978311950353,-53.0,0.8347,867500
1006835900000000000008D4,null,SN01244,978311950653,-53.0,0.7856,867500
1006835900000000000008D4,null,SN01244,978311950760,-53.0,0.8347,867500
1006835900000000000008D4,null,SN01244,978311950815,-53.0,0.7856,867500
1006835900000000000008D4,null,SN01244,978311950929,-52.3,0.8347,867500
1006835900000000000008D4,null,SN01244,978311951035,-52.3,0.7856,867500
1006835900000000000008D4,null,SN01244,978311951150,-53.0,0.7856,867500
1006835900000000000008D4,null,SN01244,978311951225,-53.0,0.7856,867500
1006835900000000000008D4,null,SN01244,978311951346,-53.0,0.7856,867500
1006835900000000000008D4,null,SN01244,978311951438,-52.3,0.8347,867500
1006835900000000000008D4,null,SN01244,978311951483,-53.0,0.7856,867500
1006835900000000000008D4,null,SN01244,978311951595,-53.0,0.8347,867500
1006835900000000000008D4,null,SN01244,978311951719,-53.0,0.7856,867500
1006835900000000000008D4,null,SN01244,978311951777,-53.0,0.8347,867500
1006835900000000000008D4,null,SN01244,978311951891,-53.0,0.7856,867500
1006835900000000000008D4,null,SN01244,978311952046,-53.0,0.8347,867500
1006835900000000000008D4,null,SN01244,978311952137,-53.0,0.7856,867500
1006835900000000000008D4,null,SN01244,978311952211,-53.0,0.7856,867500
1006835900000000000008D4,null,SN01244,978311952315,-53.0,0.7856,867500
1006835900000000000008D4,null,SN01244,978311952387,-53.0,0.8347,867500
1006835900000000000008D4,null,SN01244,978311952462,-53.0,0.7856,867500
1006835900000000000008D4,null,SN01244,978311952608,-53.0,0.8347,867500
1006835900000000000008D4,null,SN01244,978311952728,-52.3,0.8347,867500
1006835900000000000008D4,null,SN01244,978311952823,-53.0,0.7856,867500
1006835900000000000008D4,null,SN01244,978311952897,-52.3,0.7856,867500
1006835900000000000008D4,null,SN01244,978311952946,-53.0,0.8347,867500
1006835900000000000008D4,null,SN01244,978311953147,-53.9,1.0802,865700
1006835900000000000008D4,null,SN01244,978311953250,-53.0,1.1293,865700
1006835900000000000008D4,null,SN01244,978311953336,-53.9,1.1293,865700
1006835900000000000008D4,null,SN01244,978311953429,-53.9,1.1293,865700
1006835900000000000008D4,null,SN01244,978311953557,-53.9,1.1293,865700
1006835900000000000008D4,null,SN01244,978311953621,-53.9,1.0802,865700
1006835900000000000008D4,null,SN01244,978311953788,-53.0,1.1293,865700
1006835900000000000008D4,null,SN01244,978311953856,-53.9,1.0802,865700
1006835900000000000008D4,null,SN01244,978311953976,-52.3,1.1293,865700
1006835900000000000008D4,null,SN01244,978311954039,-52.3,1.0802,865700
1006835900000000000008D4,null,SN01244,978311954124,-53.9,1.0802,865700
1006835900000000000008D4,null,SN01244,978311954210,-52.3,1.1293,865700
1006835900000000000008D4,null,SN01244,978311954332,-53.0,1.0802,865700
1006835900000000000008D4,null,SN01244,978311954388,-53.9,1.0802,865700
1006835900000000000008D4,null,SN01244,978311954542,-53.9,1.1293,865700
1006835900000000000008D4,null,SN01244,978311954588,-53.9,1.0802,865700
1006835900000000000008D4,null,SN01244,978311954743,-53.9,1.0802,865700
1006835900000000000008D4,null,SN01244,978311954795,-53.9,1.1293,865700
1006835900000000000008D4,null,SN01244,978311954929,-53.9,1.1293,865700
1006835900000000000008D4,null,SN01244,978311954988,-53.0,1.1293,865700
1006835900000000000008D4,null,SN01244,978311955085,-53.9,1.1293,865700
1006835900000000000008D4,null,SN01244,978311955178,-53.0,1.1293,865700
1006835900000000000008D4,null,SN01244,978311955293,-53.9,1.0802,865700
1006835900000000000008D4,null,SN01244,978311955421,-53.9,1.1293,865700
1006835900000000000008D4,null,SN01244,978311955443,-53.0,1.1293,865700
1006835900000000000008D4,null,SN01244,978311955562,-53.9,1.1293,865700
1006835900000000000008D4,null,SN01244,978311955736,-52.3,1.0802,865700
1006835900000000000008D4,null,SN01244,978311955804,-53.0,1.1293,865700
1006835900000000000008D4,null,SN01244,978311955907,-53.9,1.0802,865700
1006835900000000000008D4,null,SN01244,978311956010,-52.3,1.1293,865700
1006835900000000000008D4,null,SN01244,978311956109,-53.9,1.0802,865700
1006835900000000000008D4,null,SN01244,978311956208,-53.9,1.0802,865700
1006835900000000000008D4,null,SN01244,978311956282,-53.0,1.1293,865700
1006835900000000000008D4,null,SN01244,978311956396,-53.9,1.0802,865700
1006835900000000000008D4,null,SN01244,978311956489,-53.9,1.0802,865700
1006835900000000000008D4,null,SN01244,978311956516,-52.3,1.1293,865700
1006835900000000000008D4,null,SN01244,978311956647,-53.9,1.1293,865700
1006835900000000000008D4,null,SN01244,978311956769,-53.0,1.0802,865700
1006835900000000000008D4,null,SN01244,978311956873,-53.0,1.0802,865700
1006835900000000000008D4,null,SN01244,978311957066,-53.9,1.0311,866300
1006835900000000000008D4,null,SN01244,978311957237,-53.0,0.982,866300
1006835900000000000008D4,null,SN01244,978311957314,-53.0,0.982,866300
1006835900000000000008D4,null,SN01244,978311957359,-53.0,0.982,866300
1006835900000000000008D4,null,SN01244,978311957524,-53.0,0.982,866300
1006835900000000000008D4,null,SN01244,978311957549,-53.9,0.982,866300
1006835900000000000008D4,null,SN01244,978311957670,-53.9,0.982,866300
1006835900000000000008D4,null,SN01244,978311957820,-53.9,0.982,866300
1006835900000000000008D4,null,SN01244,978311957895,-53.9,0.9329,866300
1006835900000000000008D4,null,SN01244,978311957939,-53.0,0.9329,866300
1006835900000000000008D4,null,SN01244,978311958051,-53.0,0.9329,866300
1006835900000000000008D4,null,SN01244,978311958194,-52.3,0.982,866300
1006835900000000000008D4,null,SN01244,978311958299,-53.0,0.982,866300
1006835900000000000008D4,null,SN01244,978311958398,-53.9,0.9329,866300
1006835900000000000008D4,null,SN01244,978311958448,-53.0,0.982,866300
1006835900000000000008D4,null,SN01244,978311958574,-53.0,0.982,866300
1006835900000000000008D4,null,SN01244,978311958637,-53.0,0.982,866300
1006835900000000000008D4,null,SN01244,978311958746,-53.0,0.982,866300
1006835900000000000008D4,null,SN01244,978311958826,-53.0,0.9329,866300
1006835900000000000008D4,null,SN01244,978311958981,-52.3,0.9329,866300
1006835900000000000008D4,null,SN01244,978311959053,-53.9,0.982,866300
1006835900000000000008D4,null,SN01244,978311959139,-53.9,0.982,866300
1006835900000000000008D4,null,SN01244,978311959262,-53.0,0.982,866300
1006835900000000000008D4,null,SN01244,978311959330,-52.3,0.982,866300
1006835900000000000008D4,null,SN01244,978311959446,-52.3,0.9329,866300
1006835900000000000008D4,null,SN01244,978311959525,-53.0,0.982,866300
1006835900000000000008D4,null,SN01244,978311959604,-53.0,0.982,866300
1006835900000000000008D4,null,SN01244,978311959710,-53.9,0.9329,866300
1006835900000000000008D4,null,SN01244,978311959877,-53.0,0.9329,866300
1006835900000000000008D4,null,SN01244,978311959898,-52.3,0.9329,866300
1006835900000000000008D4,null,SN01244,978311960002,-52.3,0.982,866300
1006835900000000000008D4,null,SN01244,978311960212,-53.0,0.982,866900
1006835900000000000008D4,null,SN01244,978311960294,-53.0,0.9329,866900
1006835900000000000008D4,null,SN01244,978311960407,-53.9,0.982,866900
1006835900000000000008D4,null,SN01244,978311960496,-53.0,0.9329,866900
1006835900000000000008D4,null,SN01244,978311960557,-53.0,0.982,866900
1006835900000000000008D4,null,SN01244,978311960729,-53.0,0.982,866900
1006835900000000000008D4,null,SN01244,978311960806,-52.3,0.982,866900
1006835900000000000008D4,null,SN01244,978311960925,-53.0,0.9329,866900
1006835900000000000008D4,null,SN01244,978311960987,-53.0,0.9329,866900
1006835900000000000008D4,null,SN01244,978311961091,-52.3,0.9329,866900
1006835900000000000008D4,null,SN01244,978311961112,-52.3,0.982,866900
1006835900000000000008D4,null,SN01244,978311961310,-53.0,0.9329,866900
1006835900000000000008D4,null,SN01244,978311961363,-52.3,0.9329,866900
1006835900000000000008D4,null,SN01244,978311961472,-53.0,0.9329,866900
1006835900000000000008D4,null,SN01244,978311961587,-53.0,0.9329,866900
1006835900000000000008D4,null,SN01244,978311961699,-53.0,0.9329,866900
1006835900000000000008D4,null,SN01244,978311961779,-52.3,0.9329,866900
1006835900000000000008D4,null,SN01244,978311961875,-53.0,0.9329,866900
1006835900000000000008D4,null,SN01244,978311961994,-53.9,0.982,866900
1006835900000000000008D4,null,SN01244,978311962063,-53.0,0.9329,866900
1006835900000000000008D4,null,SN01244,978311962161,-52.3,0.9329,866900
1006835900000000000008D4,null,SN01244,978311962262,-52.3,0.9329,866900
1006835900000000000008D4,null,SN01244,978311962353,-53.0,0.9329,866900
1006835900000000000008D4,null,SN01244,978311962449,-53.0,0.982,866900
1006835900000000000008D4,null,SN01244,978311962553,-53.0,0.9329,866900
1006835900000000000008D4,null,SN01244,978311962615,-53.0,0.982,866900
1006835900000000000008D4,null,SN01244,978311962737,-53.0,0.982,866900
1006835900000000000008D4,null,SN01244,978311962827,-53.0,0.9329,866900
1006835900000000000008D4,null,SN01244,978311962907,-52.3,0.9329,866900
1006835900000000000008D4,null,SN01244,978311962997,-53.0,0.9329,866900
1006835900000000000008D4,null,SN01244,978311963080,-53.0,0.9329,866900
1006835900000000000008D4,null,SN01244,978311963226,-53.0,0.9329,866900
1006835900000000000008D4,null,SN01244,978311963283,-52.3,0.982,866900
1006835900000000000008D4,null,SN01244,978311963418,-52.3,0.982,866900
1006835900000000000008D4,null,SN01244,978311963509,-52.3,0.982,866900
1006835900000000000008D4,null,SN01244,978311963621,-53.0,0.982,866900
1006835900000000000008D4,null,SN01244,978311963689,-53.0,0.9329,866900
1006835900000000000008D4,null,SN01244,978311963798,-52.3,0.982,866900
1006835900000000000008D4,null,SN01244,978311963903,-52.3,0.9329,866900
1006835900000000000008D4,null,SN01244,978311964112,-53.0,0.7856,867500
1006835900000000000008D4,null,SN01244,978311964196,-52.3,0.7856,867500
1006835900000000000008D4,null,SN01244,978311964377,-53.0,0.8347,867500
1006835900000000000008D4,null,SN01244,978311964445,-53.0,0.8347,867500
1006835900000000000008D4,null,SN01244,978311964565,-53.0,0.7856,867500
1006835900000000000008D4,null,SN01244,978311964608,-52.3,0.9329,867500
1006835900000000000008D4,null,SN01244,978311964705,-53.0,0.7856,867500
1006835900000000000008D4,null,SN01244,978311964827,-52.3,0.7856,867500
1006835900000000000008D4,null,SN01244,978311964959,-52.3,0.7856,867500
1006835900000000000008D4,null,SN01244,978311964980,-53.0,0.8837999999999999,867500
1006835900000000000008D4,null,SN01244,978311965114,-53.0,0.7856,867500
1006835900000000000008D4,null,SN01244,978311965243,-53.0,0.7856,867500
1006835900000000000008D4,null,SN01244,978311965266,-53.0,0.8347,867500
1006835900000000000008D4,null,SN01244,978311965589,-53.0,0.7856,867500
1006835900000000000008D4,null,SN01244,978311965671,-53.0,0.8347,867500
1006835900000000000008D4,null,SN01244,978311965777,-53.0,0.7856,867500
1006835900000000000008D4,null,SN01244,978311965826,-52.3,0.8347,867500
1006835900000000000008D4,null,SN01244,978311965946,-53.0,0.8347,867500
1006835900000000000008D4,null,SN01244,978311966062,-53.0,0.8347,867500
1006835900000000000008D4,null,SN01244,978311966213,-53.0,0.7856,867500
1006835900000000000008D4,null,SN01244,978311966257,-53.0,0.7856,867500
1006835900000000000008D4,null,SN01244,978311966375,-52.3,0.7856,867500
1006835900000000000008D4,null,SN01244,978311966500,-53.0,0.8347,867500
1006835900000000000008D4,null,SN01244,978311966582,-53.0,0.7856,867500
1006835900000000000008D4,null,SN01244,978311966637,-53.0,0.8347,867500
1006835900000000000008D4,null,SN01244,978311966730,-53.0,0.8347,867500
1006835900000000000008D4,null,SN01244,978311966867,-53.0,0.8347,867500
1006835900000000000008D4,null,SN01244,978311966971,-52.3,0.7856,867500
1006835900000000000008D4,null,SN01244,978311967022,-53.0,0.8347,867500
1006835900000000000008D4,null,SN01244,978311967219,-53.9,1.1293,865700
1006835900000000000008D4,null,SN01244,978311967284,-53.0,1.1293,865700
1006835900000000000008D4,null,SN01244,978311967442,-53.0,1.1293,865700
1006835900000000000008D4,null,SN01244,978311967485,-53.9,1.0802,865700
1006835900000000000008D4,null,SN01244,978311967562,-53.9,1.0802,865700
1006835900000000000008D4,null,SN01244,978311967689,-53.9,1.1293,865700
1006835900000000000008D4,null,SN01244,978311967770,-52.3,1.1293,865700
1006835900000000000008D4,null,SN01244,978311967865,-53.9,1.0802,865700
1006835900000000000008D4,null,SN01244,978311967979,-53.9,1.1293,865700
1006835900000000000008D4,null,SN01244,978311968075,-52.3,1.0802,865700
1006835900000000000008D4,null,SN01244,978311968213,-53.0,1.0802,865700
1006835900000000000008D4,null,SN01244,978311968256,-53.9,1.1293,865700
1006835900000000000008D4,null,SN01244,978311968402,-53.9,1.0802,865700
1006835900000000000008D4,null,SN01244,978311968488,-53.0,1.0802,865700
1006835900000000000008D4,null,SN01244,978311968596,-53.9,1.1293,865700
1006835900000000000008D4,null,SN01244,978311968693,-53.9,1.0802,865700
1006835900000000000008D4,null,SN01244,978311968737,-53.9,1.0802,865700
1006835900000000000008D4,null,SN01244,978311968824,-53.0,1.1293,865700
1006835900000000000008D4,null,SN01244,978311968975,-53.9,1.1293,865700
1006835900000000000008D4,null,SN01244,978311969283,-53.0,1.0802,865700
1006835900000000000008D4,null,SN01244,978311969385,-53.9,1.0802,865700
1006835900000000000008D4,null,SN01244,978311969488,-53.0,1.0802,865700
1006835900000000000008D4,null,SN01244,978311969510,-53.9,1.1293,865700
1006835900000000000008D4,null,SN01244,978311969677,-53.9,1.0802,865700
1006835900000000000008D4,null,SN01244,978311969743,-53.0,1.1293,865700
1006835900000000000008D4,null,SN01244,978311969824,-53.9,1.1293,865700
1006835900000000000008D4,null,SN01244,978311969971,-53.9,1.0802,865700
1006835900000000000008D4,null,SN01244,978311969992,-53.9,1.0802,865700
1006835900000000000008D4,null,SN01244,978311970149,-53.9,1.1293,865700
1006835900000000000008D4,null,SN01244,978311970257,-52.3,1.1293,865700
1006835900000000000008D4,null,SN01244,978311970279,-53.9,1.0802,865700
1006835900000000000008D4,null,SN01244,978311970427,-53.9,1.1293,865700
1006835900000000000008D4,null,SN01244,978311970486,-53.0,1.0802,865700
1006835900000000000008D4,null,SN01244,978311970611,-53.9,1.0802,865700
1006835900000000000008D4,null,SN01244,978311970714,-52.3,1.1293,865700
1006835900000000000008D4,null,SN01244,978311970781,-53.9,1.1293,865700
1006835900000000000008D4,null,SN01244,978311970868,-52.3,1.1784,865700
1006835900000000000008D4,null,SN01244,978311971192,-53.0,0.982,866300
1006835900000000000008D4,null,SN01244,978311971214,-53.9,0.982,866300
1006835900000000000008D4,null,SN01244,978311971326,-52.3,0.982,866300
1006835900000000000008D4,null,SN01244,978311971413,-53.0,0.9329,866300
1006835900000000000008D4,null,SN01244,978311971551,-53.9,0.982,866300
1006835900000000000008D4,null,SN01244,978311971631,-53.9,0.9329,866300
1006835900000000000008D4,null,SN01244,978311971694,-53.9,0.982,866300
1006835900000000000008D4,null,SN01244,978311971841,-53.0,0.982,866300
1006835900000000000008D4,null,SN01244,978311971951,-53.9,0.982,866300
1006835900000000000008D4,null,SN01244,978311971973,-53.9,0.982,866300
1006835900000000000008D4,null,SN01244,978311972172,-53.0,0.982,866300
1006835900000000000008D4,null,SN01244,978311972252,-53.0,0.982,866300
1006835900000000000008D4,null,SN01244,978311972303,-53.0,0.982,866300
1006835900000000000008D4,null,SN01244,978311972439,-53.0,0.9329,866300
1006835900000000000008D4,null,SN01244,978311972556,-52.3,0.9329,866300
1006835900000000000008D4,null,SN01244,978311972605,-53.9,0.982,866300
1006835900000000000008D4,null,SN01244,978311972689,-52.3,0.982,866300
1006835900000000000008D4,null,SN01244,978311972828,-53.0,0.982,866300
1006835900000000000008D4,null,SN01244,978311972877,-53.0,1.0311,866300
1006835900000000000008D4,null,SN01244,978311973016,-53.0,0.9329,866300
1006835900000000000008D4,null,SN01244,978311973058,-53.9,0.982,866300
1006835900000000000008D4,null,SN01244,978311973239,-53.9,0.9329,866300
1006835900000000000008D4,null,SN01244,978311973342,-53.9,0.9329,866300
1006835900000000000008D4,null,SN01244,978311973435,-52.3,0.982,866300
1006835900000000000008D4,null,SN01244,978311973532,-53.0,0.982,866300
1006835900000000000008D4,null,SN01244,978311973611,-53.9,0.9329,866300
1006835900000000000008D4,null,SN01244,978311973633,-53.0,0.982,866300
1006835900000000000008D4,null,SN01244,978311973754,-53.0,0.982,866300
1006835900000000000008D4,null,SN01244,978311973881,-53.0,0.9329,866300
1006835900000000000008D4,null,SN01244,978311973972,-53.0,0.982,866300
1006835900000000000008D4,null,SN01244,978311974040,-53.9,0.9329,866300
1006835900000000000008D4,null,SN01244,978311974283,-53.0,0.9329,866900
1006835900000000000008D4,null,SN01244,978311974305,-53.0,0.982,866900
1006835900000000000008D4,null,SN01244,978311974447,-53.0,0.982,866900
1006835900000000000008D4,null,SN01244,978311974592,-53.0,0.9329,866900
1006835900000000000008D4,null,SN01244,978311974663,-52.3,0.9329,866900
1006835900000000000008D4,null,SN01244,978311974731,-53.0,0.982,866900
1006835900000000000008D4,null,SN01244,978311974844,-53.0,0.9329,866900
1006835900000000000008D4,null,SN01244,978311974984,-53.0,0.9329,866900
1006835900000000000008D4,null,SN01244,978311975053,-53.0,0.9329,866900
1006835900000000000008D4,null,SN01244,978311975145,-53.0,0.9329,866900
1006835900000000000008D4,null,SN01244,978311975227,-53.0,0.9329,866900
1006835900000000000008D4,null,SN01244,978311975342,-53.0,0.9329,866900
1006835900000000000008D4,null,SN01244,978311975416,-53.0,0.9329,866900
1006835900000000000008D4,null,SN01244,978311975480,-53.0,0.9329,866900
1006835900000000000008D4,null,SN01244,978311975580,-52.3,0.982,866900
1006835900000000000008D4,null,SN01244,978311975696,-53.0,0.9329,866900
1006835900000000000008D4,null,SN01244,978311975806,-53.0,0.9329,866900
1006835900000000000008D4,null,SN01244,978311975934,-53.0,0.982,866900
1006835900000000000008D4,null,SN01244,978311976002,-53.0,0.982,866900
1006835900000000000008D4,null,SN01244,978311976094,-53.0,0.982,866900
1006835900000000000008D4,null,SN01244,978311976245,-53.0,0.982,866900
1006835900000000000008D4,null,SN01244,978311976348,-53.0,0.9329,866900
1006835900000000000008D4,null,SN01244,978311976417,-52.3,0.9329,866900
1006835900000000000008D4,null,SN01244,978311976460,-53.0,0.9329,866900
1006835900000000000008D4,null,SN01244,978311976620,-53.9,0.982,866900
1006835900000000000008D4,null,SN01244,978311976720,-53.0,0.9329,866900
1006835900000000000008D4,null,SN01244,978311976814,-53.0,0.982,866900
1006835900000000000008D4,null,SN01244,978311976876,-53.0,0.982,866900
1006835900000000000008D4,null,SN01244,978311976963,-53.0,0.9329,866900
1006835900000000000008D4,null,SN01244,978311977044,-53.0,0.982,866900
1006835900000000000008D4,null,SN01244,978311977132,-52.3,0.9329,866900
1006835900000000000008D4,null,SN01244,978311977280,-53.0,0.982,866900
1006835900000000000008D4,null,SN01244,978311977382,-53.0,0.9329,866900
1006835900000000000008D4,null,SN01244,978311977500,-53.0,0.9329,866900
1006835900000000000008D4,null,SN01244,978311977543,-53.0,0.9329,866900
1006835900000000000008D4,null,SN01244,978311977655,-52.3,0.9329,866900
1006835900000000000008D4,null,SN01244,978311977740,-53.0,0.9329,866900
1006835900000000000008D4,null,SN01244,978311977804,-52.3,0.982,866900
1006835900000000000008D4,null,SN01244,978311977946,-53.0,0.9329,866900
1006835900000000000008D4,null,SN01244,978311978219,-52.3,0.7856,867500
1006835900000000000008D4,null,SN01244,978311978325,-53.0,0.8347,867500
1006835900000000000008D4,null,SN01244,978311978426,-53.0,0.8347,867500
1006835900000000000008D4,null,SN01244,978311978494,-53.0,0.8347,867500
1006835900000000000008D4,null,SN01244,978311978597,-53.0,0.8347,867500
1006835900000000000008D4,null,SN01244,978311978681,-53.0,0.7856,867500
1006835900000000000008D4,null,SN01244,978311978783,-52.3,0.7856,867500
1006835900000000000008D4,null,SN01244,978311978859,-53.0,0.8347,867500
1006835900000000000008D4,null,SN01244,978311979013,-53.0,0.8837999999999999,867500
1006835900000000000008D4,null,SN01244,978311979055,-53.0,0.8347,867500
1006835900000000000008D4,null,SN01244,978311979145,-53.0,0.8347,867500
1006835900000000000008D4,null,SN01244,978311979236,-53.0,0.8347,867500
1006835900000000000008D4,null,SN01244,978311979359,-53.0,0.7856,867500
1006835900000000000008D4,null,SN01244,978311979429,-53.0,0.8347,867500
1006835900000000000008D4,null,SN01244,978311979560,-52.3,0.8347,867500
1006835900000000000008D4,null,SN01244,978311979700,-53.0,0.8347,867500
1006835900000000000008D4,null,SN01244,978311979747,-53.0,0.8347,867500
1006835900000000000008D4,null,SN01244,978311979884,-53.0,0.7856,867500
1006835900000000000008D4,null,SN01244,978311979996,-52.3,0.8347,867500
1006835900000000000008D4,null,SN01244,978311979998,-53.0,0.8837999999999999,867500
1006835900000000000008D4,null,SN01244,978311980110,-52.3,0.7856,867500
1006835900000000000008D4,null,SN01244,978311980248,-53.0,0.7856,867500
1006835900000000000008D4,null,SN01244,978311980306,-53.0,0.8347,867500
1006835900000000000008D4,null,SN01244,978311980443,-53.0,0.7856,867500
1006835900000000000008D4,null,SN01244,978311980526,-53.0,0.7856,867500
1006835900000000000008D4,null,SN01244,978311980637,-52.3,0.7856,867500
1006835900000000000008D4,null,SN01244,978311980711,-53.0,0.7856,867500
1006835900000000000008D4,null,SN01244,978311980811,-53.0,0.7856,867500
1006835900000000000008D4,null,SN01244,978311980930,-53.0,0.8347,867500
1006835900000000000008D4,null,SN01244,978311981050,-53.0,0.8347,867500
1006835900000000000008D4,null,SN01244,978311981211,-53.0,1.0802,865700
1006835900000000000008D4,null,SN01244,978311981287,-53.9,1.1293,865700
1006835900000000000008D4,null,SN01244,978311981378,-53.0,1.1293,865700
1006835900000000000008D4,null,SN01244,978311981499,-53.9,1.0802,865700
1006835900000000000008D4,null,SN01244,978311981637,-53.0,1.1293,865700
1006835900000000000008D4,null,SN01244,978311981637,-53.0,1.1784,865700
1006835900000000000008D4,null,SN01244,978311981799,-53.0,1.1293,865700
1006835900000000000008D4,null,SN01244,978311981877,-53.9,1.0802,865700
1006835900000000000008D4,null,SN01244,978311981984,-53.9,1.0802,865700
1006835900000000000008D4,null,SN01244,978311982094,-53.0,1.0802,865700
1006835900000000000008D4,null,SN01244,978311982188,-53.0,1.1293,865700
1006835900000000000008D4,null,SN01244,978311982243,-53.9,1.1293,865700
1006835900000000000008D4,null,SN01244,978311982344,-53.9,1.0802,865700
1006835900000000000008D4,null,SN01244,978311982476,-53.9,1.0802,865700
1006835900000000000008D4,null,SN01244,978311982559,-53.9,1.1293,865700
1006835900000000000008D4,null,SN01244,978311982675,-53.9,1.0802,865700
1006835900000000000008D4,null,SN01244,978311982808,-53.9,1.0802,865700
1006835900000000000008D4,null,SN01244,978311982872,-53.0,1.1293,865700
1006835900000000000008D4,null,SN01244,978311982923,-53.9,1.0802,865700
1006835900000000000008D4,null,SN01244,978311983091,-52.3,1.0802,865700
1006835900000000000008D4,null,SN01244,978311983192,-53.9,1.1293,865700
1006835900000000000008D4,null,SN01244,978311983273,-53.0,1.0802,865700
1006835900000000000008D4,null,SN01244,978311983295,-52.3,1.1293,865700
1006835900000000000008D4,null,SN01244,978311983450,-53.9,1.1293,865700
1006835900000000000008D4,null,SN01244,978311983531,-53.0,1.0802,865700
1006835900000000000008D4,null,SN01244,978311983781,-53.0,1.1293,865700
1006835900000000000008D4,null,SN01244,978311983908,-52.3,1.1293,865700
1006835900000000000008D4,null,SN01244,978311984034,-53.9,1.1293,865700
1006835900000000000008D4,null,SN01244,978311984163,-53.9,1.1293,865700
1006835900000000000008D4,null,SN01244,978311984245,-53.0,1.1293,865700
1006835900000000000008D4,null,SN01244,978311984341,-53.9,1.1293,865700
1006835900000000000008D4,null,SN01244,978311984411,-53.9,1.1293,865700
1006835900000000000008D4,null,SN01244,978311984499,-53.9,1.1293,865700
1006835900000000000008D4,null,SN01244,978311984561,-53.9,1.1293,865700
1006835900000000000008D4,null,SN01244,978311984730,-53.9,1.0802,865700
1006835900000000000008D4,null,SN01244,978311984810,-53.9,1.1293,865700
1006835900000000000008D4,null,SN01244,978311984903,-53.0,1.1293,865700
1006835900000000000008D4,null,SN01244,978311984966,-53.9,1.1293,865700
1006835900000000000008D4,null,SN01244,978311985221,-53.0,0.982,866300
1006835900000000000008D4,null,SN01244,978311985344,-53.0,0.982,866300
1006835900000000000008D4,null,SN01244,978311985419,-52.3,0.982,866300
1006835900000000000008D4,null,SN01244,978311985557,-53.9,0.982,866300
1006835900000000000008D4,null,SN01244,978311985672,-53.9,0.9329,866300
1006835900000000000008D4,null,SN01244,978311985734,-53.0,0.982,866300
1006835900000000000008D4,null,SN01244,978311985857,-53.0,0.982,866300
1006835900000000000008D4,null,SN01244,978311985958,-52.3,0.982,866300
1006835900000000000008D4,null,SN01244,978311986060,-53.9,0.982,866300
1006835900000000000008D4,null,SN01244,978311986152,-53.0,0.9329,866300
1006835900000000000008D4,null,SN01244,978311986174,-53.9,0.982,866300
1006835900000000000008D4,null,SN01244,978311986308,-52.3,0.982,866300
1006835900000000000008D4,null,SN01244,978311986395,-53.0,0.982,866300
1006835900000000000008D4,null,SN01244,978311986537,-53.9,0.9329,866300
1006835900000000000008D4,null,SN01244,978311986609,-53.9,0.982,866300
1006835900000000000008D4,null,SN01244,978311986670,-52.3,0.982,866300
1006835900000000000008D4,null,SN01244,978311986821,-53.9,0.9329,866300
1006835900000000000008D4,null,SN01244,978311986923,-53.0,0.982,866300
1006835900000000000008D4,null,SN01244,978311987026,-53.0,0.982,866300
1006835900000000000008D4,null,SN01244,978311987127,-52.3,0.982,866300
1006835900000000000008D4,null,SN01244,978311987219,-53.9,0.982,866300
1006835900000000000008D4,null,SN01244,978311987239,-53.0,0.982,866300
1006835900000000000008D4,null,SN01244,978311987403,-53.0,0.9329,866300
1006835900000000000008D4,null,SN01244,978311987516,-53.9,0.9329,866300
1006835900000000000008D4,null,SN01244,978311987559,-53.9,0.9329,866300
1006835900000000000008D4,null,SN01244,978311987632,-53.0,0.9329,866300
1006835900000000000008D4,null,SN01244,978311987762,-52.3,0.982,866300
1006835900000000000008D4,null,SN01244,978311987850,-53.0,0.9329,866300
1006835900000000000008D4,null,SN01244,978311988002,-53.0,0.9329,866300
1006835900000000000008D4,null,SN01244,978311988095,-53.0,0.982,866300
1006835900000000000008D4,null,SN01244,978311988284,-53.0,0.9329,866900
1006835900000000000008D4,null,SN01244,978311988353,-52.3,0.9329,866900
1006835900000000000008D4,null,SN01244,978311988452,-53.0,0.9329,866900
1006835900000000000008D4,null,SN01244,978311988566,-52.3,0.9329,866900
1006835900000000000008D4,null,SN01244,978311988588,-53.0,0.9329,866900
1006835900000000000008D4,null,SN01244,978311988755,-53.9,0.9329,866900
1006835900000000000008D4,null,SN01244,978311988842,-52.3,0.9329,866900
1006835900000000000008D4,null,SN01244,978311988934,-53.0,0.9329,866900
1006835900000000000008D4,null,SN01244,978311988981,-53.0,0.9329,866900
1006835900000000000008D4,null,SN01244,978311989114,-53.0,0.982,866900
1006835900000000000008D4,null,SN01244,978311989187,-53.0,0.982,866900
1006835900000000000008D4,null,SN01244,978311989287,-52.3,0.982,866900
1006835900000000000008D4,null,SN01244,978311989419,-53.0,0.9329,866900
1006835900000000000008D4,null,SN01244,978311989488,-52.3,0.9329,866900
1006835900000000000008D4,null,SN01244,978311989587,-53.0,0.9329,866900
1006835900000000000008D4,null,SN01244,978311989697,-53.0,0.9329,866900
1006835900000000000008D4,null,SN01244,978311989839,-53.0,0.982,866900
1006835900000000000008D4,null,SN01244,978311989920,-53.0,0.9329,866900
1006835900000000000008D4,null,SN01244,978311990007,-53.0,0.9329,866900
1006835900000000000008D4,null,SN01244,978311990080,-53.0,0.9329,866900
1006835900000000000008D4,null,SN01244,978311990181,-52.3,0.9329,866900
1006835900000000000008D4,null,SN01244,978311990246,-52.3,0.9329,866900
1006835900000000000008D4,null,SN01244,978311990364,-53.0,0.9329,866900
1006835900000000000008D4,null,SN01244,978311990506,-53.0,0.9329,866900
1006835900000000000008D4,null,SN01244,978311990572,-53.0,0.9329,866900
1006835900000000000008D4,null,SN01244,978311990668,-53.0,0.8347,866900
1006835900000000000008D4,null,SN01244,978311990741,-52.3,0.8347,866900
1006835900000000000008D4,null,SN01244,978311990836,-53.0,0.7856,866900
1006835900000000000008D4,null,SN01244,978311990996,-52.3,0.8347,866900
1006835900000000000008D4,null,SN01244,978311991098,-53.0,0.9329,866900
1006835900000000000008D4,null,SN01244,978311991144,-52.3,0.982,866900
1006835900000000000008D4,null,SN01244,978311991256,-53.0,0.9329,866900
1006835900000000000008D4,null,SN01244,978311991395,-53.0,0.982,866900
1006835900000000000008D4,null,SN01244,978311991416,-53.0,0.982,866900
1006835900000000000008D4,null,SN01244,978311991520,-53.0,0.9329,866900
1006835900000000000008D4,null,SN01244,978311991630,-53.0,0.9329,866900
