1006835900000000000008D4,null,SN01244,978307872620,-51.6,1.6694,865700
1006835900000000000008D4,null,SN01244,978307872656,-51.6,1.6202999999999999,865700
1006835900000000000008D4,null,SN01244,978307872817,-51.6,1.6694,865700
1006835900000000000008D4,null,SN01244,978307872895,-52.3,1.6694,865700
1006835900000000000008D4,null,SN01244,978307872901,-52.3,1.6694,865700
1006835900000000000008D4,null,SN01244,978307873057,-52.3,1.6202999999999999,865700
1006835900000000000008D4,null,SN01244,978307873163,-52.3,1.6694,865700
1006835900000000000008D4,null,SN01244,978307873237,-52.3,1.6694,865700
1006835900000000000008D4,null,SN01244,978307873381,-52.3,1.6202999999999999,865700
1006835900000000000008D4,null,SN01244,978307873465,-52.3,1.6694,865700
1006835900000000000008D4,null,SN01244,978307873575,-51.6,1.6694,865700
1006835900000000000008D4,null,SN01244,978307873666,-52.3,1.6694,865700
1006835900000000000008D4,null,SN01244,978307873744,-52.3,1.6694,865700
1006835900000000000008D4,null,SN01244,978307873821,-53.0,1.6694,865700
1006835900000000000008D4,null,SN01244,978307873908,-52.3,1.6694,865700
1006835900000000000008D4,null,SN01244,978307874045,-51.6,1.6202999999999999,865700
1006835900000000000008D4,null,SN01244,978307874125,-52.3,1.6694,865700
1006835900000000000008D4,null,SN01244,978307874177,-51.6,1.6694,865700
1006835900000000000008D4,null,SN01244,978307874308,-52.3,1.6202999999999999,865700
1006835900000000000008D4,null,SN01244,978307874397,-52.3,1.6694,865700
1006835900000000000008D4,null,SN01244,978307874525,-52.3,1.6694,865700
1006835900000000000008D4,null,SN01244,978307874615,-53.0,1.6694,865700
1006835900000000000008D4,null,SN01244,978307874688,-52.3,1.6694,865700
1006835900000000000008D4,null,SN01244,978307874818,-53.0,1.6202999999999999,865700
1006835900000000000008D4,null,SN01244,978307874937,-52.3,1.6202999999999999,865700
1006835900000000000008D4,null,SN01244,978307875022,-52.3,1.6202999999999999,865700
1006835900000000000008D4,null,SN01244,978307875086,-52.3,1.6694,865700
1006835900000000000008D4,null,SN01244,978307875155,-53.0,1.6202999999999999,865700
1006835900000000000008D4,null,SN01244,978307875295,-53.0,1.6202999999999999,865700
1006835900000000000008D4,null,SN01244,978307875367,-53.0,1.6202999999999999,865700
1006835900000000000008D4,null,SN01244,978307875465,-52.3,1.6202999999999999,865700
1006835900000000000008D4,null,SN01244,978307875570,-51.6,1.6202999999999999,865700
1006835900000000000008D4,null,SN01244,978307875692,-53.0,1.6202999999999999,865700
1006835900000000000008D4,null,SN01244,978307875753,-52.3,1.6202999999999999,865700
1006835900000000000008D4,null,SN01244,978307875877,-52.3,1.6694,865700
1006835900000000000008D4,null,SN01244,978307875943,-52.3,1.6694,865700
1006835900000000000008D4,null,SN01244,978307876016,-53.0,1.6694,865700
1006835900000000000008D4,null,SN01244,978307876208,-52.3,1.6202999999999999,865700
1006835900000000000008D4,null,SN01244,978307876313,-52.3,1.6202999999999999,865700
1006835900000000000008D4,null,SN01244,978307876336,-53.0,1.6694,865700
1006835900000000000008D4,null,SN01244,978307876593,-52.3,1.5712,866300
1006835900000000000008D4,null,SN01244,978307876696,-51.6,1.4729999999999999,866300
1006835900000000000008D4,null,SN01244,978307876772,-51.6,1.5221,866300
1006835900000000000008D4,null,SN01244,978307876908,-51.6,1.6202999999999999,866300
1006835900000000000008D4,null,SN01244,978307876961,-51.6,1.4729999999999999,866300
1006835900000000000008D4,null,SN01244,978307877118,-52.3,1.4729999999999999,866300
1006835900000000000008D4,null,SN01244,978307877162,-51.6,1.4729999999999999,866300
1006835900000000000008D4,null,SN01244,978307877255,-52.3,1.4729999999999999,866300
1006835900000000000008D4,null,SN01244,978307877427,-52.3,1.4729999999999999,866300
1006835900000000000008D4,null,SN01244,978307877491,-51.6,1.4729999999999999,866300
1006835900000000000008D4,null,SN01244,978307877527,-52.3,1.4729999999999999,866300
1006835900000000000008D4,null,SN01244,978307877713,-51.6,1.4729999999999999,866300
1006835900000000000008D4,null,SN01244,978307877736,-52.3,1.6202999999999999,866300
1006835900000000000008D4,null,SN01244,978307877820,-52.3,1.4729999999999999,866300
1006835900000000000008D4,null,SN01244,978307877996,-52.3,1.4729999999999999,866300
1006835900000000000008D4,null,SN01244,978307878036,-52.3,1.4239,866300
1006835900000000000008D4,null,SN01244,978307878190,-52.3,1.4239,866300
1006835900000000000008D4,null,SN01244,978307878427,-52.3,1.4729999999999999,866300
1006835900000000000008D4,null,SN01244,978307878540,-52.3,1.4729999999999999,866300
1006835900000000000008D4,null,SN01244,978307878665,-52.3,1.4729999999999999,866300
1006835900000000000008D4,null,SN01244,978307878896,-52.3,1.4729999999999999,866300
1006835900000000000008D4,null,SN01244,978307878983,-51.6,1.4729999999999999,866300
1006835900000000000008D4,null,SN01244,978307879132,-52.3,1.4729999999999999,866300
1006835900000000000008D4,null,SN01244,978307879257,-52.3,1.4729999999999999,866300
1006835900000000000008D4,null,SN01244,978307879336,-52.3,1.4729999999999999,866300
1006835900000000000008D4,null,SN01244,978307879367,-52.3,1.4239,866300
1006835900000000000008D4,null,SN01244,978307879489,-52.3,1.4239,866300
1006835900000000000008D4,null,SN01244,978307879684,-51.6,1.4729999999999999,866900
1006835900000000000008D4,null,SN01244,978307879814,-51.6,1.4239,866900
1006835900000000000008D4,null,SN01244,978307879864,-52.3,1.4729999999999999,866900
1006835900000000000008D4,null,SN01244,978307879986,-52.3,1.4239,866900
1006835900000000000008D4,null,SN01244,978307880079,-52.3,1.4729999999999999,866900
1006835900000000000008D4,null,SN01244,978307880206,-52.3,1.4239,866900
1006835900000000000008D4,null,SN01244,978307880248,-52.3,1.4729999999999999,866900
1006835900000000000008D4,null,SN01244,978307880412,-52.3,1.4239,866900
1006835900000000000008D4,null,SN01244,978307880435,-52.3,1.4729999999999999,866900
1006835900000000000008D4,null,SN01244,978307880581,-52.3,1.4729999999999999,866900
1006835900000000000008D4,null,SN01244,978307880695,-51.6,1.4239,866900
1006835900000000000008D4,null,SN01244,978307880796,-52.3,1.4729999999999999,866900
1006835900000000000008D4,null,SN01244,978307880818,-52.3,1.4729999999999999,866900
1006835900000000000008D4,null,SN01244,978307880970,-51.6,1.4729999999999999,866900
1006835900000000000008D4,null,SN01244,978307881021,-52.3,1.4239,866900
1006835900000000000008D4,null,SN01244,978307881189,-51.6,1.4729999999999999,866900
1006835900000000000008D4,null,SN01244,978307881206,-52.3,1.4239,866900
1006835900000000000008D4,null,SN01244,978307881346,-52.3,1.4729999999999999,866900
1006835900000000000008D4,null,SN01244,978307881466,-52.3,1.4239,866900
1006835900000000000008D4,null,SN01244,978307881544,-51.6,1.4239,866900
1006835900000000000008D4,null,SN01244,978307881601,-52.3,1.4729999999999999,866900
1006835900000000000008D4,null,SN01244,978307881745,-52.3,1.4239,866900
1006835900000000000008D4,null,SN01244,978307881873,-52.3,1.4239,866900
1006835900000000000008D4,null,SN01244,978307881953,-52.3,1.4729999999999999,866900
1006835900000000000008D4,null,SN01244,978307881994,-51.6,1.4239,866900
1006835900000000000008D4,null,SN01244,978307882137,-52.3,1.4239,866900
1006835900000000000008D4,null,SN01244,978307882168,-52.3,1.4239,866900
1006835900000000000008D4,null,SN01244,978307882279,-52.3,1.4239,866900
1006835900000000000008D4,null,SN01244,978307882366,-51.6,1.4729999999999999,866900
1006835900000000000008D4,null,SN01244,978307882525,-52.3,1.4239,866900
1006835900000000000008D4,null,SN01244,978307882567,-51.0,1.4729999999999999,866900
1006835900000000000008D4,null,SN01244,978307882721,-52.3,1.4239,866900
1006835900000000000008D4,null,SN01244,978307882801,-52.3,1.4239,866900
1006835900000000000008D4,null,SN01244,978307882903,-52.3,1.4729999999999999,866900
1006835900000000000008D4,null,SN01244,978307882941,-51.6,1.4729999999999999,866900
1006835900000000000008D4,null,SN01244,978307883056,-52.3,1.4729999999999999,866900
1006835900000000000008D4,null,SN01244,978307883213,-52.3,1.4729999999999999,866900
1006835900000000000008D4,null,SN01244,978307883266,-52.3,1.4239,866900
1006835900000000000008D4,null,SN01244,978307883393,-52.3,1.4729999999999999,866900
1006835900000000000008D4,null,SN01244,978307883584,-51.6,1.3748,867500
1006835900000000000008D4,null,SN01244,978307883726,-52.3,1.3256999999999999,867500
1006835900000000000008D4,null,SN01244,978307883815,-52.3,1.3256999999999999,867500
1006835900000000000008D4,null,SN01244,978307883904,-51.6,1.3256999999999999,867500
1006835900000000000008D4,null,SN01244,978307884031,-52.3,1.3256999999999999,867500
1006835900000000000008D4,null,SN01244,978307884117,-52.3,1.3256999999999999,867500
1006835900000000000008D4,null,SN01244,978307884222,-52.3,1.2766,867500
1006835900000000000008D4,null,SN01244,978307884297,-52.3,1.3256999999999999,867500
1006835900000000000008D4,null,SN01244,978307884406,-51.0,1.3256999999999999,867500
1006835900000000000008D4,null,SN01244,978307884487,-51.6,1.3256999999999999,867500
1006835900000000000008D4,null,SN01244,978307884632,-52.3,1.3256999999999999,867500
1006835900000000000008D4,null,SN01244,978307884673,-52.3,1.2766,867500
1006835900000000000008D4,null,SN01244,978307884827,-52.3,1.3256999999999999,867500
1006835900000000000008D4,null,SN01244,978307884850,-52.3,1.3256999999999999,867500
1006835900000000000008D4,null,SN01244,978307884966,-52.3,1.3256999999999999,867500
1006835900000000000008D4,null,SN01244,978307885043,-51.6,1.2766,867500
1006835900000000000008D4,null,SN01244,978307885215,-52.3,1.2766,867500
1006835900000000000008D4,null,SN01244,978307885282,-51.6,1.3256999999999999,867500
1006835900000000000008D4,null,SN01244,978307885392,-52.3,1.2766,867500
1006835900000000000008D4,null,SN01244,978307885520,-51.6,1.3256999999999999,867500
1006835900000000000008D4,null,SN01244,978307885567,-52.3,1.3256999999999999,867500
1006835900000000000008D4,null,SN01244,978307885696,-52.3,1.3256999999999999,867500
1006835900000000000008D4,null,SN01244,978307885794,-52.3,1.3256999999999999,867500
1006835900000000000008D4,null,SN01244,978307885834,-51.6,1.3256999999999999,867500
1006835900000000000008D4,null,SN01244,978307885944,-51.6,1.3256999999999999,867500
1006835900000000000008D4,null,SN01244,978307886040,-52.3,1.2766,867500
1006835900000000000008D4,null,SN01244,978307886185,-51.6,1.3256999999999999,867500
1006835900000000000008D4,null,SN01244,978307886277,-52.3,1.3256999999999999,867500
1006835900000000000008D4,null,SN01244,978307886344,-52.3,1.3256999999999999,867500
1006835900000000000008D4,null,SN01244,978307886467,-52.3,1.3256999999999999,867500
1006835900000000000008D4,null,SN01244,978307886520,-51.6,1.3256999999999999,867500
1006835900000000000008D4,null,SN01244,978307886708,-52.3,1.6694,865700
1006835900000000000008D4,null,SN01244,978307886821,-52.3,1.6694,865700
1006835900000000000008D4,null,SN01244,978307886908,-52.3,1.6694,865700
1006835900000000000008D4,null,SN01244,978307887017,-52.3,1.6202999999999999,865700
1006835900000000000008D4,null,SN01244,978307887088,-52.3,1.6694,865700
1006835900000000000008D4,null,SN01244,978307887158,-52.3,1.6694,865700
1006835900000000000008D4,null,SN01244,978307887251,-51.6,1.6694,865700
1006835900000000000008D4,null,SN01244,978307887386,-52.3,1.6202999999999999,865700
1006835900000000000008D4,null,SN01244,978307887455,-52.3,1.6694,865700
1006835900000000000008D4,null,SN01244,978307887620,-52.3,1.6202999999999999,865700
1006835900000000000008D4,null,SN01244,978307887735,-51.6,1.6694,865700
1006835900000000000008D4,null,SN01244,978307887737,-51.6,1.6694,865700
1006835900000000000008D4,null,SN01244,978307887883,-52.3,1.6694,865700
1006835900000000000008D4,null,SN01244,978307887968,-52.3,1.6202999999999999,865700
1006835900000000000008D4,null,SN01244,978307888060,-52.3,1.6694,865700
1006835900000000000008D4,null,SN01244,978307888154,-51.6,1.6202999999999999,865700
1006835900000000000008D4,null,SN01244,978307888281,-51.6,1.6202999999999999,865700
1006835900000000000008D4,null,SN01244,978307888348,-52.3,1.6202999999999999,865700
1006835900000000000008D4,null,SN01244,978307888487,-52.3,1.6202999999999999,865700
1006835900000000000008D4,null,SN01244,978307888557,-52.3,1.6202999999999999,865700
1006835900000000000008D4,null,SN01244,978307888658,-52.3,1.6202999999999999,865700
1006835900000000000008D4,null,SN01244,978307888806,-52.3,1.6202999999999999,865700
1006835900000000000008D4,null,SN01244,978307888810,-52.3,1.6202999999999999,865700
1006835900000000000008D4,null,SN01244,978307888947,-51.6,1.6202999999999999,865700
1006835900000000000008D4,null,SN01244,978307889045,-52.3,1.6202999999999999,865700
1006835900000000000008D4,null,SN01244,978307889196,-51.6,1.6694,865700
1006835900000000000008D4,null,SN01244,978307889281,-52.3,1.6202999999999999,865700
1006835900000000000008D4,null,SN01244,978307889349,-52.3,1.6202999999999999,865700
1006835900000000000008D4,null,SN01244,978307889385,-52.3,1.6694,865700
1006835900000000000008D4,null,SN01244,978307889500,-52.3,1.6202999999999999,865700
1006835900000000000008D4,null,SN01244,978307889628,-52.3,1.6202999999999999,865700
1006835900000000000008D4,null,SN01244,978307889737,-52.3,1.6202999999999999,865700
1006835900000000000008D4,null,SN01244,978307889874,-52.3,1.6202999999999999,865700
1006835900000000000008D4,null,SN01244,978307889898,-52.3,1.6694,865700
1006835900000000000008D4,null,SN01244,978307889992,-52.3,1.6694,865700
1006835900000000000008D4,null,SN01244,978307890154,-51.6,1.6694,865700
1006835900000000000008D4,null,SN01244,978307890237,-52.3,1.6202999999999999,865700
1006835900000000000008D4,null,SN01244,978307890329,-52.3,1.6202999999999999,865700
1006835900000000000008D4,null,SN01244,978307890393,-51.6,1.6694,865700
1006835900000000000008D4,null,SN01244,978307890608,-52.3,1.4729999999999999,866300
1006835900000000000008D4,null,SN01244,978307890787,-52.3,1.4729999999999999,866300
1006835900000000000008D4,null,SN01244,978307890890,-52.3,1.4729999999999999,866300
1006835900000000000008D4,null,SN01244,978307890940,-52.3,1.4729999999999999,866300
1006835900000000000008D4,null,SN01244,978307891033,-52.3,1.4729999999999999,866300
1006835900000000000008D4,null,SN01244,978307891138,-52.3,1.4729999999999999,866300
1006835900000000000008D4,null,SN01244,978307891244,-52.3,1.4729999999999999,866300
1006835900000000000008D4,null,SN01244,978307891334,-52.3,1.4729999999999999,866300
1006835900000000000008D4,null,SN01244,978307891394,-51.6,1.4239,866300
1006835900000000000008D4,null,SN01244,978307891513,-52.3,1.4729999999999999,866300
1006835900000000000008D4,null,SN01244,978307891644,-52.3,1.4729999999999999,866300
1006835900000000000008D4,null,SN01244,978307891717,-51.6,1.4239,866300
1006835900000000000008D4,null,SN01244,978307891834,-52.3,1.4239,866300
1006835900000000000008D4,null,SN01244,978307891892,-51.6,1.4729999999999999,866300
1006835900000000000008D4,null,SN01244,978307892021,-52.3,1.4729999999999999,866300
1006835900000000000008D4,null,SN01244,978307892144,-52.3,1.4239,866300
1006835900000000000008D4,null,SN01244,978307892257,-51.6,1.4729999999999999,866300
1006835900000000000008D4,null,SN01244,978307892359,-52.3,1.4729999999999999,866300
1006835900000000000008D4,null,SN01244,978307892381,-52.3,1.4729999999999999,866300
1006835900000000000008D4,null,SN01244,978307892490,-52.3,1.4729999999999999,866300
1006835900000000000008D4,null,SN01244,978307892599,-51.6,1.4239,866300
1006835900000000000008D4,null,SN01244,978307892648,-52.3,1.4729999999999999,866300
1006835900000000000008D4,null,SN01244,978307892765,-52.3,1.4729999999999999,866300
1006835900000000000008D4,null,SN01244,978307892854,-52.3,1.4239,866300
1006835900000000000008D4,null,SN01244,978307893025,-51.6,1.4729999999999999,866300
1006835900000000000008D4,null,SN01244,978307893116,-52.3,1.4729999999999999,866300
1006835900000000000008D4,null,SN01244,978307893138,-52.3,1.4729999999999999,866300
1006835900000000000008D4,null,SN01244,978307893269,-52.3,1.4729999999999999,866300
1006835900000000000008D4,null,SN01244,978307893386,-51.6,1.4239,866300
1006835900000000000008D4,null,SN01244,978307893485,-51.6,1.4729999999999999,866300
1006835900000000000008D4,null,SN01244,978307893564,-51.6,1.4239,866300
1006835900000000000008D4,null,SN01244,978307893731,-52.3,1.4729999999999999,866900
1006835900000000000008D4,null,SN01244,978307893842,-52.3,1.4729999999999999,866900
1006835900000000000008D4,null,SN01244,978307893922,-52.3,1.4239,866900
1006835900000000000008D4,null,SN01244,978307894053,-51.6,1.4729999999999999,866900
1006835900000000000008D4,null,SN01244,978307894170,-52.3,1.4239,866900
1006835900000000000008D4,null,SN01244,978307894283,-51.6,1.4729999999999999,866900
1006835900000000000008D4,null,SN01244,978307894392,-52.3,1.4729999999999999,866900
1006835900000000000008D4,null,SN01244,978307894482,-52.3,1.4729999999999999,866900
1006835900000000000008D4,null,SN01244,978307894533,-51.6,1.4239,866900
1006835900000000000008D4,null,SN01244,978307894581,-51.6,1.4729999999999999,866900
1006835900000000000008D4,null,SN01244,978307894775,-52.3,1.4239,866900
1006835900000000000008D4,null,SN01244,978307894842,-52.3,1.4239,866900
1006835900000000000008D4,null,SN01244,978307894887,-52.3,1.4729999999999999,866900
1006835900000000000008D4,null,SN01244,978307895047,-51.6,1.4729999999999999,866900
1006835900000000000008D4,null,SN01244,978307895069,-51.6,1.4729999999999999,866900
1006835900000000000008D4,null,SN01244,978307895245,-51.6,1.4729999999999999,866900
1006835900000000000008D4,null,SN01244,978307895361,-52.3,1.4729999999999999,866900
1006835900000000000008D4,null,SN01244,978307895417,-52.3,1.4729999999999999,866900
1006835900000000000008D4,null,SN01244,978307895483,-52.3,1.4729999999999999,866900
1006835900000000000008D4,null,SN01244,978307895603,-52.3,1.4239,866900
1006835900000000000008D4,null,SN01244,978307895744,-52.3,1.4239,866900
1006835900000000000008D4,null,SN01244,978307895795,-52.3,1.4729999999999999,866900
1006835900000000000008D4,null,SN01244,978307895924,-52.3,1.4729999999999999,866900
1006835900000000000008D4,null,SN01244,978307896046,-52.3,1.4239,866900
1006835900000000000008D4,null,SN01244,978307896142,-52.3,1.4729999999999999,866900
1006835900000000000008D4,null,SN01244,978307896204,-51.6,1.4729999999999999,866900
1006835900000000000008D4,null,SN01244,978307896325,-51.6,1.4239,866900
1006835900000000000008D4,null,SN01244,978307896395,-51.6,1.4239,866900
1006835900000000000008D4,null,SN01244,978307896529,-52.3,1.4729999999999999,866900
1006835900000000000008D4,null,SN01244,978307896552,-52.3,1.4239,866900
1006835900000000000008D4,null,SN01244,978307896637,-51.6,1.4729999999999999,866900
1006835900000000000008D4,null,SN01244,978307896772,-52.3,1.4729999999999999,866900
1006835900000000000008D4,null,SN01244,978307896868,-52.3,1.4239,866900
1006835900000000000008D4,null,SN01244,978307896936,-51.6,1.4729999999999999,866900
1006835900000000000008D4,null,SN01244,978307897100,-51.6,1.4729999999999999,866900
1006835900000000000008D4,null,SN01244,978307897166,-51.6,1.4729999999999999,866900
1006835900000000000008D4,null,SN01244,978307897255,-51.6,1.4239,866900
1006835900000000000008D4,null,SN01244,978307897380,-52.3,1.4729999999999999,866900
1006835900000000000008D4,null,SN01244,978307897450,-52.3,1.4729999999999999,866900
1006835900000000000008D4,null,SN01244,978307897673,-52.3,1.3256999999999999,867500
1006835900000000000008D4,null,SN01244,978307897743,-51.6,1.3256999999999999,867500
1006835900000000000008D4,null,SN01244,978307897859,-51.6,1.3256999999999999,867500
1006835900000000000008D4,null,SN01244,978307897989,-52.3,1.3256999999999999,867500
1006835900000000000008D4,null,SN01244,978307898133,-51.6,1.3256999999999999,867500
1006835900000000000008D4,null,SN01244,978307898197,-52.3,1.2766,867500
1006835900000000000008D4,null,SN01244,978307898294,-52.3,1.3256999999999999,867500
1006835900000000000008D4,null,SN01244,978307898365,-51.6,1.3256999999999999,867500
1006835900000000000008D4,null,SN01244,978307898483,-52.3,1.3748,867500
1006835900000000000008D4,null,SN01244,978307898578,-52.3,1.3256999999999999,867500
1006835900000000000008D4,null,SN01244,978307898644,-52.3,1.2766,867500
1006835900000000000008D4,null,SN01244,978307898800,-52.3,1.3256999999999999,867500
1006835900000000000008D4,null,SN01244,978307898904,-52.3,1.3256999999999999,867500
1006835900000000000008D4,null,SN01244,978307898927,-52.3,1.2766,867500
1006835900000000000008D4,null,SN01244,978307899109,-51.6,1.2766,867500
1006835900000000000008D4,null,SN01244,978307899197,-52.3,1.3256999999999999,867500
1006835900000000000008D4,null,SN01244,978307899267,-52.3,1.3256999999999999,867500
1006835900000000000008D4,null,SN01244,978307899297,-52.3,1.3256999999999999,867500
1006835900000000000008D4,null,SN01244,978307899469,-52.3,1.3256999999999999,867500
1006835900000000000008D4,null,SN01244,978307899537,-51.6,1.3256999999999999,867500
1006835900000000000008D4,null,SN01244,978307899636,-51.6,1.3256999999999999,867500
1006835900000000000008D4,null,SN01244,978307899759,-52.3,1.3256999999999999,867500
1006835900000000000008D4,null,SN01244,978307899865,-52.3,1.3256999999999999,867500
1006835900000000000008D4,null,SN01244,978307899957,-52.3,1.2766,867500
1006835900000000000008D4,null,SN01244,978307900009,-52.3,1.3256999999999999,867500
1006835900000000000008D4,null,SN01244,978307900137,-52.3,1.3256999999999999,867500
1006835900000000000008D4,null,SN01244,978307900268,-52.3,1.2766,867500
1006835900000000000008D4,null,SN01244,978307900368,-51.6,1.2766,867500
1006835900000000000008D4,null,SN01244,978307900440,-51.6,1.3256999999999999,867500
1006835900000000000008D4,null,SN01244,978307900515,-52.3,1.3256999999999999,867500
1006835900000000000008D4,null,SN01244,978307900706,-52.3,1.6202999999999999,865700
1006835900000000000008D4,null,SN01244,978307900772,-52.3,1.6202999999999999,865700
1006835900000000000008D4,null,SN01244,978307900865,-51.6,1.6202999999999999,865700
1006835900000000000008D4,null,SN01244,978307901027,-52.3,1.6202999999999999,865700
1006835900000000000008D4,null,SN01244,978307901086,-52.3,1.6202999999999999,865700
1006835900000000000008D4,null,SN01244,978307901171,-52.3,1.6694,865700
1006835900000000000008D4,null,SN01244,978307901278,-51.6,1.6202999999999999,865700
1006835900000000000008D4,null,SN01244,978307901411,-52.3,1.6202999999999999,865700
1006835900000000000008D4,null,SN01244,978307901433,-52.3,1.6202999999999999,865700
1006835900000000000008D4,null,SN01244,978307901533,-52.3,1.6202999999999999,865700
1006835900000000000008D4,null,SN01244,978307901631,-52.3,1.6202999999999999,865700
1006835900000000000008D4,null,SN01244,978307901771,-52.3,1.6202999999999999,865700
1006835900000000000008D4,null,SN01244,978307901834,-52.3,1.6202999999999999,865700
1006835900000000000008D4,null,SN01244,978307901989,-52.3,1.6202999999999999,865700
1006835900000000000008D4,null,SN01244,978307902072,-52.3,1.6202999999999999,865700
1006835900000000000008D4,null,SN01244,978307902130,-52.3,1.6202999999999999,865700
1006835900000000000008D4,null,SN01244,978307902209,-51.6,1.6694,865700
1006835900000000000008D4,null,SN01244,978307902357,-52.3,1.7185,865700
1006835900000000000008D4,null,SN01244,978307902441,-51.6,1.6202999999999999,865700
1006835900000000000008D4,null,SN01244,978307902577,-52.3,1.6202999999999999,865700
1006835900000000000008D4,null,SN01244,978307902579,-52.3,1.6694,865700
1006835900000000000008D4,null,SN01244,978307902723,-52.3,1.6202999999999999,865700
1006835900000000000008D4,null,SN01244,978307902873,-52.3,1.6202999999999999,865700
1006835900000000000008D4,null,SN01244,978307902919,-52.3,1.6694,865700
1006835900000000000008D4,null,SN01244,978307902981,-52.3,1.6202999999999999,865700
1006835900000000000008D4,null,SN01244,978307903168,-52.3,1.6694,865700
1006835900000000000008D4,null,SN01244,978307903189,-52.3,1.6694,865700
1006835900000000000008D4,null,SN01244,978307903300,-52.3,1.6202999999999999,865700
1006835900000000000008D4,null,SN01244,978307903412,-52.3,1.6202999999999999,865700
1006835900000000000008D4,null,SN01244,978307903515,-52.3,1.6694,865700
1006835900000000000008D4,null,SN01244,978307903599,-52.3,1.6694,865700
1006835900000000000008D4,null,SN01244,978307903746,-52.3,1.6202999999999999,865700
1006835900000000000008D4,null,SN01244,978307903824,-52.3,1.6202999999999999,865700
1006835900000000000008D4,null,SN01244,978307903884,-51.6,1.6202999999999999,865700
1006835900000000000008D4,null,SN01244,978307904028,-51.6,1.6202999999999999,865700
1006835900000000000008D4,null,SN01244,978307904075,-52.3,1.6694,865700
1006835900000000000008D4,null,SN01244,978307904208,-52.3,1.6202999999999999,865700
1006835900000000000008D4,null,SN01244,978307904325,-52.3,1.6202999999999999,865700
1006835900000000000008D4,null,SN01244,978307904432,-53.0,1.6694,865700
1006835900000000000008D4,null,SN01244,978307904515,-52.3,1.6202999999999999,865700
1006835900000000000008D4,null,SN01244,978307904692,-52.3,1.5221,866300
1006835900000000000008D4,null,SN01244,978307904850,-52.3,1.4729999999999999,866300
1006835900000000000008D4,null,SN01244,978307904913,-52.3,1.4729999999999999,866300
1006835900000000000008D4,null,SN01244,978307904978,-52.3,1.4239,866300
1006835900000000000008D4,null,SN01244,978307905097,-52.3,1.4729999999999999,866300
1006835900000000000008D4,null,SN01244,978307905217,-52.3,1.4729999999999999,866300
1006835900000000000008D4,null,SN01244,978307905339,-52.3,1.4239,866300
1006835900000000000008D4,null,SN01244,978307905413,-52.3,1.4729999999999999,866300
1006835900000000000008D4,null,SN01244,978307905658,-52.3,1.4239,866300
1006835900000000000008D4,null,SN01244,978307905838,-52.3,1.4729999999999999,866300
1006835900000000000008D4,null,SN01244,978307905881,-52.3,1.4729999999999999,866300
1006835900000000000008D4,null,SN01244,978307906012,-52.3,1.4729999999999999,866300
1006835900000000000008D4,null,SN01244,978307906033,-52.3,1.4729999999999999,866300
1006835900000000000008D4,null,SN01244,978307906143,-52.3,1.4729999999999999,866300
1006835900000000000008D4,null,SN01244,978307906487,-51.6,1.4729999999999999,866300
1006835900000000000008D4,null,SN01244,978307906532,-51.6,1.4729999999999999,866300
1006835900000000000008D4,null,SN01244,978307906671,-51.6,1.4729999999999999,866300
1006835900000000000008D4,null,SN01244,978307906799,-52.3,1.4239,866300
1006835900000000000008D4,null,SN01244,978307906897,-52.3,1.4729999999999999,866300
1006835900000000000008D4,null,SN01244,978307906919,-52.3,1.4729999999999999,866300
1006835900000000000008D4,null,SN01244,978307907030,-52.3,1.4729999999999999,866300
1006835900000000000008D4,null,SN01244,978307907106,-52.3,1.4729999999999999,866300
1006835900000000000008D4,null,SN01244,978307907218,-52.3,1.4729999999999999,866300
1006835900000000000008D4,null,SN01244,978307907503,-52.3,1.4729999999999999,866300
1006835900000000000008D4,null,SN01244,978307907754,-52.3,1.4239,866900
1006835900000000000008D4,null,SN01244,978307907776,-51.6,1.4239,866900
1006835900000000000008D4,null,SN01244,978307907894,-52.3,1.4239,866900
1006835900000000000008D4,null,SN01244,978307907979,-52.3,1.4729999999999999,866900
1006835900000000000008D4,null,SN01244,978307908071,-52.3,1.4729999999999999,866900
1006835900000000000008D4,null,SN01244,978307908170,-52.3,1.4239,866900
1006835900000000000008D4,null,SN01244,978307908315,-52.3,1.4239,866900
1006835900000000000008D4,null,SN01244,978307908388,-52.3,1.4729999999999999,866900
1006835900000000000008D4,null,SN01244,978307908457,-52.3,1.4239,866900
1006835900000000000008D4,null,SN01244,978307908614,-51.6,1.4239,866900
1006835900000000000008D4,null,SN01244,978307908635,-51.6,1.4239,866900
1006835900000000000008D4,null,SN01244,978307908773,-51.6,1.4729999999999999,866900
1006835900000000000008D4,null,SN01244,978307908897,-52.3,1.4239,866900
1006835900000000000008D4,null,SN01244,978307908947,-52.3,1.4239,866900
1006835900000000000008D4,null,SN01244,978307909065,-52.3,1.4239,866900
1006835900000000000008D4,null,SN01244,978307909147,-52.3,1.4729999999999999,866900
1006835900000000000008D4,null,SN01244,978307909254,-51.6,1.4729999999999999,866900
1006835900000000000008D4,null,SN01244,978307909310,-52.3,1.4729999999999999,866900
1006835900000000000008D4,null,SN01244,978307909432,-51.6,1.4239,866900
1006835900000000000008D4,null,SN01244,978307909600,-52.3,1.4239,866900
1006835900000000000008D4,null,SN01244,978307909622,-52.3,1.4239,866900
1006835900000000000008D4,null,SN01244,978307909777,-52.3,1.4239,866900
1006835900000000000008D4,null,SN01244,978307909846,-52.3,1.4729999999999999,866900
1006835900000000000008D4,null,SN01244,978307909988,-52.3,1.4239,866900
1006835900000000000008D4,null,SN01244,978307910011,-51.6,1.4239,866900
1006835900000000000008D4,null,SN01244,978307910158,-51.6,1.4239,866900
1006835900000000000008D4,null,SN01244,978307910274,-52.3,1.4729999999999999,866900
1006835900000000000008D4,null,SN01244,978307910334,-51.6,1.4729999999999999,866900
1006835900000000000008D4,null,SN01244,978307910401,-52.3,1.4729999999999999,866900
1006835900000000000008D4,null,SN01244,978307910563,-51.6,1.4729999999999999,866900
1006835900000000000008D4,null,SN01244,978307910624,-52.3,1.4729999999999999,866900
1006835900000000000008D4,null,SN01244,978307910716,-52.3,1.4729999999999999,866900
1006835900000000000008D4,null,SN01244,978307910785,-51.6,1.4729999999999999,866900
1006835900000000000008D4,null,SN01244,978307910953,-52.3,1.4729999999999999,866900
1006835900000000000008D4,null,SN01244,978307910998,-51.6,1.4729999999999999,866900
1006835900000000000008D4,null,SN01244,978307911128,-52.3,1.4729999999999999,866900
1006835900000000000008D4,null,SN01244,978307911259,-51.6,1.4239,866900
1006835900000000000008D4,null,SN01244,978307911351,-52.3,1.4239,866900
1006835900000000000008D4,null,SN01244,978307911374,-51.6,1.4239,866900
1006835900000000000008D4,null,SN01244,978307911478,-52.3,1.4239,866900
1006835900000000000008D4,null,SN01244,978307911759,-52.3,1.3256999999999999,867500
1006835900000000000008D4,null,SN01244,978307911867,-52.3,1.2766,867500
1006835900000000000008D4,null,SN01244,978307911949,-52.3,1.2766,867500
1006835900000000000008D4,null,SN01244,978307912086,-52.3,1.3256999999999999,867500
1006835900000000000008D4,null,SN01244,978307912147,-52.3,1.3256999999999999,867500
1006835900000000000008D4,null,SN01244,978307912277,-51.6,1.3256999999999999,867500
1006835900000000000008D4,null,SN01244,978307912277,-51.6,1.3748,867500
1006835900000000000008D4,null,SN01244,978307912471,-52.3,1.3256999999999999,867500
1006835900000000000008D4,null,SN01244,978307912542,-52.3,1.2766,867500
1006835900000000000008D4,null,SN01244,978307912665,-52.3,1.2766,867500
1006835900000000000008D4,null,SN01244,978307912742,-52.3,1.3256999999999999,867500
1006835900000000000008D4,null,SN01244,978307912815,-52.3,1.3256999999999999,867500
1006835900000000000008D4,null,SN01244,978307912907,-51.6,1.3256999999999999,867500
1006835900000000000008D4,null,SN01244,978307913014,-52.3,1.2766,867500
1006835900000000000008D4,null,SN01244,978307913131,-51.6,1.3256999999999999,867500
1006835900000000000008D4,null,SN01244,978307913195,-51.6,1.3256999999999999,867500
1006835900000000000008D4,null,SN01244,978307913283,-51.6,1.2766,867500
1006835900000000000008D4,null,SN01244,978307913382,-51.6,1.3256999999999999,867500
1006835900000000000008D4,null,SN01244,978307913532,-52.3,1.2766,867500
1006835900000000000008D4,null,SN01244,978307913616,-51.6,1.2766,867500
1006835900000000000008D4,null,SN01244,978307913665,-51.6,1.3256999999999999,867500
1006835900000000000008D4,null,SN01244,978307913797,-52.3,1.2766,867500
1006835900000000000008D4,null,SN01244,978307913866,-52.3,1.2766,867500
1006835900000000000008D4,null,SN01244,978307913978,-52.3,1.3256999999999999,867500
1006835900000000000008D4,null,SN01244,978307914067,-52.3,1.3256999999999999,867500
1006835900000000000008D4,null,SN01244,978307914184,-52.3,1.3256999999999999,867500
1006835900000000000008D4,null,SN01244,978307914297,-52.3,1.2766,867500
1006835900000000000008D4,null,SN01244,978307914396,-52.3,1.3256999999999999,867500
1006835900000000000008D4,null,SN01244,978307914482,-52.3,1.3256999999999999,867500
1006835900000000000008D4,null,SN01244,978307914536,-51.6,1.3256999999999999,867500
1006835900000000000008D4,null,SN01244,978307914652,-52.3,1.2766,867500
1006835900000000000008D4,null,SN01244,978307914825,-52.3,1.6694,865700
1006835900000000000008D4,null,SN01244,978307914991,-52.3,1.6694,865700
1006835900000000000008D4,null,SN01244,978307915013,-51.6,1.6694,865700
1006835900000000000008D4,null,SN01244,978307915116,-52.3,1.6202999999999999,865700
1006835900000000000008D4,null,SN01244,978307915209,-52.3,1.6202999999999999,865700
1006835900000000000008D4,null,SN01244,978307915311,-51.6,1.6202999999999999,865700
1006835900000000000008D4,null,SN01244,978307915462,-52.3,1.6202999999999999,865700
1006835900000000000008D4,null,SN01244,978307915565,-52.3,1.6202999999999999,865700
1006835900000000000008D4,null,SN01244,978307915612,-52.3,1.6202999999999999,865700
1006835900000000000008D4,null,SN01244,978307915707,-52.3,1.6202999999999999,865700
1006835900000000000008D4,null,SN01244,978307915868,-52.3,1.6694,865700
1006835900000000000008D4,null,SN01244,978307915869,-52.3,1.6694,865700
1006835900000000000008D4,null,SN01244,978307916035,-52.3,1.6202999999999999,865700
1006835900000000000008D4,null,SN01244,978307916156,-52.3,1.6694,865700
1006835900000000000008D4,null,SN01244,978307916228,-52.3,1.6694,865700
1006835900000000000008D4,null,SN01244,978307916348,-51.6,1.6694,865700
1006835900000000000008D4,null,SN01244,978307916400,-52.3,1.6694,865700
1006835900000000000008D4,null,SN01244,978307916475,-52.3,1.6202999999999999,865700
1006835900000000000008D4,null,SN01244,978307916612,-51.6,1.6202999999999999,865700
1006835900000000000008D4,null,SN01244,978307916705,-51.6,1.6202999999999999,865700
1006835900000000000008D4,null,SN01244,978307916798,-52.3,1.6202999999999999,865700
1006835900000000000008D4,null,SN01244,978307916883,-53.0,1.6202999999999999,865700
1006835900000000000008D4,null,SN01244,978307916999,-51.6,1.6202999999999999,865700
1006835900000000000008D4,null,SN01244,978307917132,-52.3,1.6202999999999999,865700
1006835900000000000008D4,null,SN01244,978307917132,-52.3,1.6202999999999999,865700
1006835900000000000008D4,null,SN01244,978307917324,-51.6,1.6694,865700
1006835900000000000008D4,null,SN01244,978307917391,-51.6,1.6202999999999999,865700
1006835900000000000008D4,null,SN01244,978307917516,-52.3,1.6202999999999999,865700
1006835900000000000008D4,null,SN01244,978307917578,-52.3,1.6694,865700
1006835900000000000008D4,null,SN01244,978307917681,-52.3,1.6694,865700
1006835900000000000008D4,null,SN01244,978307917726,-52.3,1.6694,865700
1006835900000000000008D4,null,SN01244,978307917879,-51.6,1.6202999999999999,865700
1006835900000000000008D4,null,SN01244,978307917982,-52.3,1.6202999999999999,865700
1006835900000000000008D4,null,SN01244,978307918091,-53.0,1.6202999999999999,865700
1006835900000000000008D4,null,SN01244,978307918113,-52.3,1.6202999999999999,865700
1006835900000000000008D4,null,SN01244,978307918250,-51.6,1.6694,865700
1006835900000000000008D4,null,SN01244,978307918397,-51.6,1.6202999999999999,865700
1006835900000000000008D4,null,SN01244,978307918484,-52.3,1.6202999999999999,865700
1006835900000000000008D4,null,SN01244,978307918586,-52.3,1.6202999999999999,865700
1006835900000000000008D4,null,SN01244,978307918765,-51.6,1.5712,866300
1006835900000000000008D4,null,SN01244,978307918858,-52.3,1.4729999999999999,866300
1006835900000000000008D4,null,SN01244,978307918957,-51.6,1.4729999999999999,866300
1006835900000000000008D4,null,SN01244,978307919058,-52.3,1.4729999999999999,866300
1006835900000000000008D4,null,SN01244,978307919191,-51.6,1.4729999999999999,866300
1006835900000000000008D4,null,SN01244,978307919320,-52.3,1.4729999999999999,866300
1006835900000000000008D4,null,SN01244,978307919409,-52.3,1.4729999999999999,866300
1006835900000000000008D4,null,SN01244,978307919430,-52.3,1.4729999999999999,866300
1006835900000000000008D4,null,SN01244,978307919726,-51.6,1.4729999999999999,866300
1006835900000000000008D4,null,SN01244,978307919848,-52.3,1.4729999999999999,866300
1006835900000000000008D4,null,SN01244,978307919987,-52.3,1.4729999999999999,866300
1006835900000000000008D4,null,SN01244,978307920048,-51.6,1.4729999999999999,866300
1006835900000000000008D4,null,SN01244,978307920137,-52.3,1.4729999999999999,866300
1006835900000000000008D4,null,SN01244,978307920253,-52.3,1.4729999999999999,866300
1006835900000000000008D4,null,SN01244,978307920302,-51.6,1.4729999999999999,866300
1006835900000000000008D4,null,SN01244,978307920440,-52.3,1.4729999999999999,866300
1006835900000000000008D4,null,SN01244,978307920715,-52.3,1.4729999999999999,866300
1006835900000000000008D4,null,SN01244,978307920779,-52.3,1.4729999999999999,866300
1006835900000000000008D4,null,SN01244,978307920927,-51.6,1.4729999999999999,866300
1006835900000000000008D4,null,SN01244,978307920977,-51.6,1.4729999999999999,866300
1006835900000000000008D4,null,SN01244,978307921095,-52.3,1.4729999999999999,866300
1006835900000000000008D4,null,SN01244,978307921200,-52.3,1.4239,866300
1006835900000000000008D4,null,SN01244,978307921266,-52.3,1.4239,866300
1006835900000000000008D4,null,SN01244,978307921386,-52.3,1.4729999999999999,866300
1006835900000000000008D4,null,SN01244,978307921487,-51.6,1.4239,866300
1006835900000000000008D4,null,SN01244,978307921611,-52.3,1.4729999999999999,866300
1006835900000000000008D4,null,SN01244,978307921669,-52.3,1.4729999999999999,866300
1006835900000000000008D4,null,SN01244,978307921905,-52.3,1.4729999999999999,866900
1006835900000000000008D4,null,SN01244,978307921966,-51.6,1.4729999999999999,866900
1006835900000000000008D4,null,SN01244,978307922088,-51.6,1.4239,866900
1006835900000000000008D4,null,SN01244,978307922220,-52.3,1.4729999999999999,866900
1006835900000000000008D4,null,SN01244,978307922279,-52.3,1.4729999999999999,866900
1006835900000000000008D4,null,SN01244,978307922356,-52.3,1.4239,866900
1006835900000000000008D4,null,SN01244,978307922510,-52.3,1.4729999999999999,866900
1006835900000000000008D4,null,SN01244,978307922581,-52.3,1.4729999999999999,866900
1006835900000000000008D4,null,SN01244,978307922675,-51.6,1.4239,866900
1006835900000000000008D4,null,SN01244,978307922785,-52.3,1.4729999999999999,866900
1006835900000000000008D4,null,SN01244,978307922825,-52.3,1.4729999999999999,866900
1006835900000000000008D4,null,SN01244,978307922947,-52.3,1.4729999999999999,866900
1006835900000000000008D4,null,SN01244,978307923081,-52.3,1.4729999999999999,866900
1006835900000000000008D4,null,SN01244,978307923128,-52.3,1.4239,866900
1006835900000000000008D4,null,SN01244,978307923246,-52.3,1.4729999999999999,866900
1006835900000000000008D4,null,SN01244,978307923317,-51.6,1.4729999999999999,866900
1006835900000000000008D4,null,SN01244,978307923414,-52.3,1.4729999999999999,866900
1006835900000000000008D4,null,SN01244,978307923583,-52.3,1.4239,866900
1006835900000000000008D4,null,SN01244,978307923628,-52.3,1.4729999999999999,866900
1006835900000000000008D4,null,SN01244,978307923759,-52.3,1.4729999999999999,866900
1006835900000000000008D4,null,SN01244,978307923879,-51.6,1.4239,866900
1006835900000000000008D4,null,SN01244,978307923879,-52.3,1.4729999999999999,866900
1006835900000000000008D4,null,SN01244,978307924004,-52.3,1.4729999999999999,866900
1006835900000000000008D4,null,SN01244,978307924120,-52.3,1.4239,866900
1006835900000000000008D4,null,SN01244,978307924179,-52.3,1.4239,866900
1006835900000000000008D4,null,SN01244,978307924360,-52.3,1.4729999999999999,866900
1006835900000000000008D4,null,SN01244,978307924407,-52.3,1.4239,866900
1006835900000000000008D4,null,SN01244,978307924540,-52.3,1.4239,866900
1006835900000000000008D4,null,SN01244,978307924561,-51.6,1.4729999999999999,866900
1006835900000000000008D4,null,SN01244,978307924715,-52.3,1.4239,866900
1006835900000000000008D4,null,SN01244,978307924805,-51.6,1.4239,866900
1006835900000000000008D4,null,SN01244,978307924944,-52.3,1.4239,866900
1006835900000000000008D4,null,SN01244,978307924995,-52.3,1.4239,866900
1006835900000000000008D4,null,SN01244,978307925057,-52.3,1.4729999999999999,866900
1006835900000000000008D4,null,SN01244,978307925171,-51.6,1.4729999999999999,866900
1006835900000000000008D4,null,SN01244,978307925309,-51.6,1.4729999999999999,866900
1006835900000000000008D4,null,SN01244,978307925360,-52.3,1.4239,866900
1006835900000000000008D4,null,SN01244,978307925447,-51.6,1.4239,866900
1006835900000000000008D4,null,SN01244,978307925554,-51.6,1.4239,866900
1006835900000000000008D4,null,SN01244,978307925813,-52.3,1.3256999999999999,867500
1006835900000000000008D4,null,SN01244,978307925932,-52.3,1.3256999999999999,867500
1006835900000000000008D4,null,SN01244,978307926036,-51.6,1.3256999999999999,867500
1006835900000000000008D4,null,SN01244,978307926081,-52.3,1.2766,867500
1006835900000000000008D4,null,SN01244,978307926259,-52.3,1.2766,867500
1006835900000000000008D4,null,SN01244,978307926260,-52.3,1.3256999999999999,867500
1006835900000000000008D4,null,SN01244,978307926406,-52.3,1.3256999999999999,867500
1006835900000000000008D4,null,SN01244,978307926527,-51.6,1.3256999999999999,867500
1006835900000000000008D4,null,SN01244,978307926648,-52.3,1.3256999999999999,867500
1006835900000000000008D4,null,SN01244,978307926750,-52.3,1.3256999999999999,867500
1006835900000000000008D4,null,SN01244,978307926799,-52.3,1.3256999999999999,867500
1006835900000000000008D4,null,SN01244,978307926893,-52.3,1.3256999999999999,867500
1006835900000000000008D4,null,SN01244,978307927023,-51.6,1.3256999999999999,867500
1006835900000000000008D4,null,SN01244,978307927132,-52.3,1.3256999999999999,867500
1006835900000000000008D4,null,SN01244,978307927203,-51.6,1.3256999999999999,867500
1006835900000000000008D4,null,SN01244,978307927259,-52.3,1.2766,867500
1006835900000000000008D4,null,SN01244,978307927367,-52.3,1.3256999999999999,867500
1006835900000000000008D4,null,SN01244,978307927490,-52.3,1.2766,867500
1006835900000000000008D4,null,SN01244,978307927543,-52.3,1.3256999999999999,867500
1006835900000000000008D4,null,SN01244,978307927669,-52.3,1.3256999999999999,867500
1006835900000000000008D4,null,SN01244,978307927773,-52.3,1.2766,867500
1006835900000000000008D4,null,SN01244,978307927916,-51.6,1.3256999999999999,867500
1006835900000000000008D4,null,SN01244,978307927999,-52.3,1.3256999999999999,867500
1006835900000000000008D4,null,SN01244,978307928076,-52.3,1.3256999999999999,867500
1006835900000000000008D4,null,SN01244,978307928164,-51.6,1.3256999999999999,867500
1006835900000000000008D4,null,SN01244,978307928331,-52.3,1.3256999999999999,867500
1006835900000000000008D4,null,SN01244,978307928388,-52.3,1.2766,867500
1006835900000000000008D4,null,SN01244,978307928664,-52.3,1.2766,867500
1006835900000000000008D4,null,SN01244,978307928708,-52.3,1.3256999999999999,867500
1006835900000000000008D4,null,SN01244,978307928919,-51.6,1.6202999999999999,865700
1006835900000000000008D4,null,SN01244,978307929022,-52.3,1.6202999999999999,865700
1006835900000000000008D4,null,SN01244,978307929163,-52.3,1.6202999999999999,865700
1006835900000000000008D4,null,SN01244,978307929259,-51.6,1.6202999999999999,865700
1006835900000000000008D4,null,SN01244,978307929282,-52.3,1.6202999999999999,865700
1006835900000000000008D4,null,SN01244,978307929449,-52.3,1.6694,865700
1006835900000000000008D4,null,SN01244,978307929544,-51.6,1.6202999999999999,865700
1006835900000000000008D4,null,SN01244,978307929591,-51.6,1.6202999999999999,865700
1006835900000000000008D4,null,SN01244,978307929751,-52.3,1.6694,865700
1006835900000000000008D4,null,SN01244,978307929813,-52.3,1.6202999999999999,865700
1006835900000000000008D4,null,SN01244,978307929876,-51.6,1.6694,865700
1006835900000000000008D4,null,SN01244,978307930003,-52.3,1.6202999999999999,865700
1006835900000000000008D4,null,SN01244,978307930136,-52.3,1.6694,865700
1006835900000000000008D4,null,SN01244,978307930208,-52.3,1.6202999999999999,865700
1006835900000000000008D4,null,SN01244,978307930263,-52.3,1.6202999999999999,865700
1006835900000000000008D4,null,SN01244,978307930359,-52.3,1.6202999999999999,865700
1006835900000000000008D4,null,SN01244,978307930466,-52.3,1.6202999999999999,865700
1006835900000000000008D4,null,SN01244,978307930591,-53.0,1.6202999999999999,865700
1006835900000000000008D4,null,SN01244,978307930679,-52.3,1.6202999999999999,865700
1006835900000000000008D4,null,SN01244,978307930731,-52.3,1.6202999999999999,865700
1006835900000000000008D4,null,SN01244,978307930899,-52.3,1.6694,865700
1006835900000000000008D4,null,SN01244,978307930921,-52.3,1.6694,865700
1006835900000000000008D4,null,SN01244,978307931044,-51.6,1.6202999999999999,865700
1006835900000000000008D4,null,SN01244,978307931151,-51.6,1.6202999999999999,865700
1006835900000000000008D4,null,SN01244,978307931245,-53.0,1.6202999999999999,865700
1006835900000000000008D4,null,SN01244,978307931385,-52.3,1.6694,865700
1006835900000000000008D4,null,SN01244,978307931483,-52.3,1.5712,865700
1006835900000000000008D4,null,SN01244,978307931589,-52.3,1.6202999999999999,865700
1006835900000000000008D4,null,SN01244,978307931670,-52.3,1.6694,865700
1006835900000000000008D4,null,SN01244,978307931727,-51.6,1.6202999999999999,865700
1006835900000000000008D4,null,SN01244,978307931872,-51.6,1.6202999999999999,865700
1006835900000000000008D4,null,SN01244,978307931940,-52.3,1.6202999999999999,865700
1006835900000000000008D4,null,SN01244,978307932008,-52.3,1.6202999999999999,865700
1006835900000000000008D4,null,SN01244,978307932137,-51.6,1.6202999999999999,865700
1006835900000000000008D4,null,SN01244,978307932248,-52.3,1.6202999999999999,865700
1006835900000000000008D4,null,SN01244,978307932379,-51.6,1.6202999999999999,865700
1006835900000000000008D4,null,SN01244,978307932380,-51.6,1.6202999999999999,865700
1006835900000000000008D4,null,SN01244,978307932488,-52.3,1.6694,865700
1006835900000000000008D4,null,SN01244,978307932599,-51.6,1.6202999999999999,865700
1006835900000000000008D4,null,SN01244,978307932828,-51.6,1.4729999999999999,866300
1006835900000000000008D4,null,SN01244,978307932974,-52.3,1.4729999999999999,866300
1006835900000000000008D4,null,SN01244,978307933020,-52.3,1.4239,866300
1006835900000000000008D4,null,SN01244,978307933146,-52.3,1.4239,866300
1006835900000000000008D4,null,SN01244,978307933248,-52.3,1.4729999999999999,866300
1006835900000000000008D4,null,SN01244,978307933396,-51.6,1.4729999999999999,866300
1006835900000000000008D4,null,SN01244,978307933418,-51.6,1.4729999999999999,866300
1006835900000000000008D4,null,SN01244,978307933536,-52.3,1.4729999999999999,866300
1006835900000000000008D4,null,SN01244,978307933630,-52.3,1.4729999999999999,866300
1006835900000000000008D4,null,SN01244,978307933750,-51.6,1.4729999999999999,866300
1006835900000000000008D4,null,SN01244,978307933858,-52.3,1.4729999999999999,866300
1006835900000000000008D4,null,SN01244,978307933913,-52.3,1.4239,866300
1006835900000000000008D4,null,SN01244,978307934021,-51.6,1.4729999999999999,866300
1006835900000000000008D4,null,SN01244,978307934089,-51.6,1.4239,866300
1006835900000000000008D4,null,SN01244,978307934223,-52.3,1.4729999999999999,866300
1006835900000000000008D4,null,SN01244,978307934316,-52.3,1.4729999999999999,866300
1006835900000000000008D4,null,SN01244,978307934429,-52.3,1.4729999999999999,866300
1006835900000000000008D4,null,SN01244,978307934501,-52.3,1.4729999999999999,866300
1006835900000000000008D4,null,SN01244,978307934621,-52.3,1.4729999999999999,866300
1006835900000000000008D4,null,SN01244,978307934696,-51.6,1.4729999999999999,866300
1006835900000000000008D4,null,SN01244,978307934815,-52.3,1.4729999999999999,866300
1006835900000000000008D4,null,SN01244,978307934870,-51.6,1.4729999999999999,866300
1006835900000000000008D4,null,SN01244,978307934977,-52.3,1.4729999999999999,866300
1006835900000000000008D4,null,SN01244,978307935064,-51.6,1.4729999999999999,866300
1006835900000000000008D4,null,SN01244,978307935168,-52.3,1.4729999999999999,866300
1006835900000000000008D4,null,SN01244,978307935294,-52.3,1.4729999999999999,866300
1006835900000000000008D4,null,SN01244,978307935420,-51.6,1.4239,866300
1006835900000000000008D4,null,SN01244,978307935442,-52.3,1.4239,866300
1006835900000000000008D4,null,SN01244,978307935617,-51.6,1.4729999999999999,866300
1006835900000000000008D4,null,SN01244,978307935737,-52.3,1.4729999999999999,866300
1006835900000000000008D4,null,SN01244,978307935822,-52.3,1.4729999999999999,866900
1006835900000000000008D4,null,SN01244,978307935981,-52.3,1.4239,866900
1006835900000000000008D4,null,SN01244,978307936088,-52.3,1.4239,866900
1006835900000000000008D4,null,SN01244,978307936180,-51.6,1.4239,866900
1006835900000000000008D4,null,SN01244,978307936236,-51.6,1.4239,866900
1006835900000000000008D4,null,SN01244,978307936313,-52.3,1.4729999999999999,866900
1006835900000000000008D4,null,SN01244,978307936473,-52.3,1.4239,866900
1006835900000000000008D4,null,SN01244,978307936525,-52.3,1.4729999999999999,866900
1006835900000000000008D4,null,SN01244,978307936654,-51.6,1.4239,866900
1006835900000000000008D4,null,SN01244,978307936730,-51.6,1.4239,866900
1006835900000000000008D4,null,SN01244,978307936884,-51.6,1.4239,866900
1006835900000000000008D4,null,SN01244,978307936978,-52.3,1.4239,866900
1006835900000000000008D4,null,SN01244,978307937052,-52.3,1.4729999999999999,866900
1006835900000000000008D4,null,SN01244,978307937073,-51.6,1.4729999999999999,866900
1006835900000000000008D4,null,SN01244,978307937220,-51.6,1.4729999999999999,866900
1006835900000000000008D4,null,SN01244,978307937342,-51.6,1.4239,866900
1006835900000000000008D4,null,SN01244,978307937450,-51.6,1.4239,866900
1006835900000000000008D4,null,SN01244,978307937507,-52.3,1.4729999999999999,866900
1006835900000000000008D4,null,SN01244,978307937586,-52.3,1.4239,866900
1006835900000000000008D4,null,SN01244,978307937700,-52.3,1.4729999999999999,866900
1006835900000000000008D4,null,SN01244,978307937794,-52.3,1.4239,866900
1006835900000000000008D4,null,SN01244,978307937932,-51.6,1.4729999999999999,866900
1006835900000000000008D4,null,SN01244,978307938008,-52.3,1.4239,866900
1006835900000000000008D4,null,SN01244,978307938062,-52.3,1.4729999999999999,866900
1006835900000000000008D4,null,SN01244,978307938214,-52.3,1.4239,866900
1006835900000000000008D4,null,SN01244,978307938316,-52.3,1.4729999999999999,866900
1006835900000000000008D4,null,SN01244,978307938367,-51.6,1.4729999999999999,866900
1006835900000000000008D4,null,SN01244,978307938508,-51.6,1.4239,866900
1006835900000000000008D4,null,SN01244,978307938625,-52.3,1.4239,866900
1006835900000000000008D4,null,SN01244,978307938701,-51.6,1.4239,866900
1006835900000000000008D4,null,SN01244,978307938764,-52.3,1.4239,866900
1006835900000000000008D4,null,SN01244,978307938888,-52.3,1.4729999999999999,866900
1006835900000000000008D4,null,SN01244,978307938962,-51.6,1.4729999999999999,866900
1006835900000000000008D4,null,SN01244,978307939049,-52.3,1.4729999999999999,866900
1006835900000000000008D4,null,SN01244,978307939145,-52.3,1.4239,866900
1006835900000000000008D4,null,SN01244,978307939298,-52.3,1.4729999999999999,866900
1006835900000000000008D4,null,SN01244,978307939319,-52.3,1.4729999999999999,866900
1006835900000000000008D4,null,SN01244,978307939467,-52.3,1.4729999999999999,866900
1006835900000000000008D4,null,SN01244,978307939578,-52.3,1.4729999999999999,866900
1006835900000000000008D4,null,SN01244,978307939700,-52.3,1.4729999999999999,866900
1006835900000000000008D4,null,SN01244,978307939862,-52.3,1.4239,867500
1006835900000000000008D4,null,SN01244,978307940041,-51.6,1.2766,867500
1006835900000000000008D4,null,SN01244,978307940063,-52.3,1.3256999999999999,867500
1006835900000000000008D4,null,SN01244,978307940193,-52.3,1.3256999999999999,867500
1006835900000000000008D4,null,SN01244,978307940286,-52.3,1.3256999999999999,867500
1006835900000000000008D4,null,SN01244,978307940438,-52.3,1.2766,867500
1006835900000000000008D4,null,SN01244,978307940510,-51.6,1.3256999999999999,867500
1006835900000000000008D4,null,SN01244,978307940575,-52.3,1.3256999999999999,867500
1006835900000000000008D4,null,SN01244,978307940680,-52.3,1.3256999999999999,867500
1006835900000000000008D4,null,SN01244,978307940760,-52.3,1.3256999999999999,867500
1006835900000000000008D4,null,SN01244,978307940921,-51.6,1.3256999999999999,867500
1006835900000000000008D4,null,SN01244,978307940993,-52.3,1.2766,867500
1006835900000000000008D4,null,SN01244,978307941117,-52.3,1.3256999999999999,867500
1006835900000000000008D4,null,SN01244,978307941184,-51.6,1.2766,867500
1006835900000000000008D4,null,SN01244,978307941244,-51.6,1.3256999999999999,867500
1006835900000000000008D4,null,SN01244,978307941392,-52.3,1.3256999999999999,867500
1006835900000000000008D4,null,SN01244,978307941491,-52.3,1.3256999999999999,867500
1006835900000000000008D4,null,SN01244,978307941584,-52.3,1.2766,867500
1006835900000000000008D4,null,SN01244,978307941699,-52.3,1.3256999999999999,867500
1006835900000000000008D4,null,SN01244,978307941785,-51.6,1.3256999999999999,867500
1006835900000000000008D4,null,SN01244,978307941809,-52.3,1.3256999999999999,867500
1006835900000000000008D4,null,SN01244,978307941973,-51.6,1.2766,867500
1006835900000000000008D4,null,SN01244,978307942046,-52.3,1.3256999999999999,867500
1006835900000000000008D4,null,SN01244,978307942163,-52.3,1.3256999999999999,867500
1006835900000000000008D4,null,SN01244,978307942222,-51.6,1.3256999999999999,867500
1006835900000000000008D4,null,SN01244,978307942344,-52.3,1.3256999999999999,867500
1006835900000000000008D4,null,SN01244,978307942390,-52.3,1.3256999999999999,867500
1006835900000000000008D4,null,SN01244,978307942560,-52.3,1.3256999999999999,867500
1006835900000000000008D4,null,SN01244,978307942649,-52.3,1.3256999999999999,867500
1006835900000000000008D4,null,SN01244,978307942694,-52.3,1.3256999999999999,867500
1006835900000000000008D4,null,SN01244,978307942923,-52.3,1.7185,865700
1006835900000000000008D4,null,SN01244,978307942945,-51.6,1.6202999999999999,865700
1006835900000000000008D4,null,SN01244,978307943036,-52.3,1.6694,865700
1006835900000000000008D4,null,SN01244,978307943207,-52.3,1.6694,865700
1006835900000000000008D4,null,SN01244,978307943290,-52.3,1.6202999999999999,865700
1006835900000000000008D4,null,SN01244,978307943403,-52.3,1.6694,865700
1006835900000000000008D4,null,SN01244,978307943493,-51.6,1.6202999999999999,865700
1006835900000000000008D4,null,SN01244,978307943568,-52.3,1.6202999999999999,865700
1006835900000000000008D4,null,SN01244,978307943695,-52.3,1.6202999999999999,865700
1006835900000000000008D4,null,SN01244,978307943797,-53.0,1.6202999999999999,865700
1006835900000000000008D4,null,SN01244,978307943865,-51.6,1.6202999999999999,865700
1006835900000000000008D4,null,SN01244,978307943995,-52.3,1.5712,865700
1006835900000000000008D4,null,SN01244,978307944017,-52.3,1.6694,865700
1006835900000000000008D4,null,SN01244,978307944197,-52.3,1.6202999999999999,865700
1006835900000000000008D4,null,SN01244,978307944252,-51.6,1.6202999999999999,865700
1006835900000000000008D4,null,SN01244,978307944309,-51.6,1.6202999999999999,865700
1006835900000000000008D4,null,SN01244,978307944453,-52.3,1.6694,865700
1006835900000000000008D4,null,SN01244,978307944500,-52.3,1.6202999999999999,865700
1006835900000000000008D4,null,SN01244,978307944600,-52.3,1.6202999999999999,865700
1006835900000000000008D4,null,SN01244,978307944768,-52.3,1.6202999999999999,865700
1006835900000000000008D4,null,SN01244,978307944794,-52.3,1.6694,865700
1006835900000000000008D4,null,SN01244,978307944957,-52.3,1.6202999999999999,865700
1006835900000000000008D4,null,SN01244,978307945048,-51.6,1.6202999999999999,865700
1006835900000000000008D4,null,SN01244,978307945161,-52.3,1.6694,865700
1006835900000000000008D4,null,SN01244,978307945182,-52.3,1.6694,865700
1006835900000000000008D4,null,SN01244,978307945318,-51.6,1.6202999999999999,865700
1006835900000000000008D4,null,SN01244,978307945378,-52.3,1.6202999999999999,865700
1006835900000000000008D4,null,SN01244,978307945540,-51.6,1.6202999999999999,865700
1006835900000000000008D4,null,SN01244,978307945561,-52.3,1.6202999999999999,865700
1006835900000000000008D4,null,SN01244,978307945750,-51.6,1.6202999999999999,865700
1006835900000000000008D4,null,SN01244,978307945819,-53.0,1.6202999999999999,865700
1006835900000000000008D4,null,SN01244,978307945883,-51.6,1.6202999999999999,865700
1006835900000000000008D4,null,SN01244,978307945985,-52.3,1.6694,865700
1006835900000000000008D4,null,SN01244,978307946059,-52.3,1.6202999999999999,865700
1006835900000000000008D4,null,SN01244,978307946177,-51.6,1.6202999999999999,865700
1006835900000000000008D4,null,SN01244,978307946329,-52.3,1.6202999999999999,865700
1006835900000000000008D4,null,SN01244,978307946398,-51.6,1.6202999999999999,865700
1006835900000000000008D4,null,SN01244,978307946533,-52.3,1.6202999999999999,865700
1006835900000000000008D4,null,SN01244,978307946554,-52.3,1.6694,865700
1006835900000000000008D4,null,SN01244,978307946687,-52.3,1.6202999999999999,865700
1006835900000000000008D4,null,SN01244,978307946888,-52.3,1.5221,866300
1006835900000000000008D4,null,SN01244,978307947024,-52.3,1.4729999999999999,866300
1006835900000000000008D4,null,SN01244,978307947119,-51.6,1.4239,866300
1006835900000000000008D4,null,SN01244,978307947215,-52.3,1.4729999999999999,866300
1006835900000000000008D4,null,SN01244,978307947336,-52.3,1.4729999999999999,866300
1006835900000000000008D4,null,SN01244,978307947455,-51.6,1.4729999999999999,866300
1006835900000000000008D4,null,SN01244,978307947518,-52.3,1.4729999999999999,866300
1006835900000000000008D4,null,SN01244,978307947612,-51.6,1.4729999999999999,866300
1006835900000000000008D4,null,SN01244,978307947659,-51.6,1.4729999999999999,866300
1006835900000000000008D4,null,SN01244,978307947954,-53.0,1.4729999999999999,866300
1006835900000000000008D4,null,SN01244,978307948055,-52.3,1.4729999999999999,866300
1006835900000000000008D4,null,SN01244,978307948211,-52.3,1.4729999999999999,866300
1006835900000000000008D4,null,SN01244,978307948303,-52.3,1.4729999999999999,866300
1006835900000000000008D4,null,SN01244,978307948395,-51.6,1.4239,866300
1006835900000000000008D4,null,SN01244,978307948499,-52.3,1.4729999999999999,866300
1006835900000000000008D4,null,SN01244,978307948569,-51.6,1.4239,866300
1006835900000000000008D4,null,SN01244,978307948630,-52.3,1.4729999999999999,866300
1006835900000000000008D4,null,SN01244,978307948758,-52.3,1.4729999999999999,866300
1006835900000000000008D4,null,SN01244,978307948870,-52.3,1.4729999999999999,866300
1006835900000000000008D4,null,SN01244,978307949146,-52.3,1.4729999999999999,866300
1006835900000000000008D4,null,SN01244,978307949269,-52.3,1.4729999999999999,866300
1006835900000000000008D4,null,SN01244,978307949372,-52.3,1.4729999999999999,866300
1006835900000000000008D4,null,SN01244,978307949426,-53.0,1.4729999999999999,866300
1006835900000000000008D4,null,SN01244,978307949539,-52.3,1.4729999999999999,866300
1006835900000000000008D4,null,SN01244,978307949628,-52.3,1.4729999999999999,866300
1006835900000000000008D4,null,SN01244,978307949712,-51.6,1.4729999999999999,866300
1006835900000000000008D4,null,SN01244,978307949936,-52.3,1.4239,866900
1006835900000000000008D4,null,SN01244,978307950044,-52.3,1.4239,866900
1006835900000000000008D4,null,SN01244,978307950142,-51.6,1.4239,866900
1006835900000000000008D4,null,SN01244,978307950228,-52.3,1.4729999999999999,866900
1006835900000000000008D4,null,SN01244,978307950334,-52.3,1.4239,866900
1006835900000000000008D4,null,SN01244,978307950394,-51.6,1.4239,866900
1006835900000000000008D4,null,SN01244,978307950525,-52.3,1.4729999999999999,866900
1006835900000000000008D4,null,SN01244,978307950572,-52.3,1.4729999999999999,866900
1006835900000000000008D4,null,SN01244,978307950697,-51.6,1.4239,866900
1006835900000000000008D4,null,SN01244,978307950808,-52.3,1.4239,866900
1006835900000000000008D4,null,SN01244,978307950881,-52.3,1.4239,866900
1006835900000000000008D4,null,SN01244,978307950962,-51.6,1.4729999999999999,866900
1006835900000000000008D4,null,SN01244,978307951115,-52.3,1.4729999999999999,866900
1006835900000000000008D4,null,SN01244,978307951217,-51.6,1.4239,866900
1006835900000000000008D4,null,SN01244,978307951238,-52.3,1.4239,866900
1006835900000000000008D4,null,SN01244,978307951372,-51.6,1.4729999999999999,866900
1006835900000000000008D4,null,SN01244,978307951496,-52.3,1.4239,866900
1006835900000000000008D4,null,SN01244,978307951557,-51.6,1.4239,866900
1006835900000000000008D4,null,SN01244,978307951640,-52.3,1.4239,866900
1006835900000000000008D4,null,SN01244,978307951808,-52.3,1.4239,866900
1006835900000000000008D4,null,SN01244,978307951867,-52.3,1.4729999999999999,866900
1006835900000000000008D4,null,SN01244,978307951965,-52.3,1.4729999999999999,866900
1006835900000000000008D4,null,SN01244,978307952017,-52.3,1.4729999999999999,866900
1006835900000000000008D4,null,SN01244,978307952149,-52.3,1.4239,866900
1006835900000000000008D4,null,SN01244,978307952260,-51.6,1.4729999999999999,866900
1006835900000000000008D4,null,SN01244,978307952284,-52.3,1.4729999999999999,866900
1006835900000000000008D4,null,SN01244,978307952473,-52.3,1.4729999999999999,866900
1006835900000000000008D4,null,SN01244,978307952545,-51.6,1.4239,866900
1006835900000000000008D4,null,SN01244,978307952664,-52.3,1.4239,866900
1006835900000000000008D4,null,SN01244,978307952756,-52.3,1.4239,866900
1006835900000000000008D4,null,SN01244,978307952805,-51.6,1.4239,866900
1006835900000000000008D4,null,SN01244,978307952925,-51.6,1.4239,866900
1006835900000000000008D4,null,SN01244,978307953024,-52.3,1.4729999999999999,866900
1006835900000000000008D4,null,SN01244,978307953152,-51.6,1.4729999999999999,866900
1006835900000000000008D4,null,SN01244,978307953225,-52.3,1.4239,866900
1006835900000000000008D4,null,SN01244,978307953308,-52.3,1.4729999999999999,866900
1006835900000000000008D4,null,SN01244,978307953419,-52.3,1.4239,866900
1006835900000000000008D4,null,SN01244,978307953475,-52.3,1.4239,866900
1006835900000000000008D4,null,SN01244,978307953605,-52.3,1.4729999999999999,866900
1006835900000000000008D4,null,SN01244,978307953708,-52.3,1.4729999999999999,866900
1006835900000000000008D4,null,SN01244,978307953977,-52.3,1.3256999999999999,867500
1006835900000000000008D4,null,SN01244,978307954076,-52.3,1.2766,867500
1006835900000000000008D4,null,SN01244,978307954147,-52.3,1.3256999999999999,867500
1006835900000000000008D4,null,SN01244,978307954271,-51.6,1.3256999999999999,867500
1006835900000000000008D4,null,SN01244,978307954338,-51.6,1.3256999999999999,867500
1006835900000000000008D4,null,SN01244,978307954470,-52.3,1.3256999999999999,867500
1006835900000000000008D4,null,SN01244,978307954569,-52.3,1.3256999999999999,867500
1006835900000000000008D4,null,SN01244,978307954650,-51.6,1.3256999999999999,867500
1006835900000000000008D4,null,SN01244,978307954757,-51.6,1.3256999999999999,867500
1006835900000000000008D4,null,SN01244,978307954860,-52.3,1.3256999999999999,867500
1006835900000000000008D4,null,SN01244,978307954965,-51.6,1.2766,867500
1006835900000000000008D4,null,SN01244,978307955027,-51.6,1.2766,867500
1006835900000000000008D4,null,SN01244,978307955088,-52.3,1.3256999999999999,867500
1006835900000000000008D4,null,SN01244,978307955241,-52.3,1.3256999999999999,867500
1006835900000000000008D4,null,SN01244,978307955262,-51.6,1.2766,867500
1006835900000000000008D4,null,SN01244,978307955391,-52.3,1.3256999999999999,867500
1006835900000000000008D4,null,SN01244,978307955502,-52.3,1.3256999999999999,867500
1006835900000000000008D4,null,SN01244,978307955612,-51.6,1.3256999999999999,867500
1006835900000000000008D4,null,SN01244,978307955663,-51.6,1.2766,867500
1006835900000000000008D4,null,SN01244,978307955805,-52.3,1.3256999999999999,867500
1006835900000000000008D4,null,SN01244,978307955843,-51.6,1.2766,867500
1006835900000000000008D4,null,SN01244,978307956013,-51.6,1.3256999999999999,867500
1006835900000000000008D4,null,SN01244,978307956093,-51.6,1.2766,867500
1006835900000000000008D4,null,SN01244,978307956170,-51.6,1.2766,867500
1006835900000000000008D4,null,SN01244,978307956271,-51.6,1.3256999999999999,867500
1006835900000000000008D4,null,SN01244,978307956414,-52.3,1.2766,867500
1006835900000000000008D4,null,SN01244,978307956458,-51.6,1.2766,867500
1006835900000000000008D4,null,SN01244,978307956541,-51.6,1.2766,867500
1006835900000000000008D4,null,SN01244,978307956684,-52.3,1.3256999999999999,867500
1006835900000000000008D4,null,SN01244,978307956819,-52.3,1.3256999999999999,867500
1006835900000000000008D4,null,SN01244,978307956965,-53.0,1.5712,865700
1006835900000000000008D4,null,SN01244,978307956986,-52.3,1.5712,865700
1006835900000000000008D4,null,SN01244,978307957162,-52.3,1.5712,865700
1006835900000000000008D4,null,SN01244,978307957259,-52.3,1.5712,865700
1006835900000000000008D4,null,SN01244,978307957344,-53.0,1.5712,865700
1006835900000000000008D4,null,SN01244,978307957395,-52.3,1.6694,865700
1006835900000000000008D4,null,SN01244,978307957538,-52.3,1.5221,865700
1006835900000000000008D4,null,SN01244,978307957581,-52.3,1.6202999999999999,865700
1006835900000000000008D4,null,SN01244,978307957748,-51.6,1.6202999999999999,865700
1006835900000000000008D4,null,SN01244,978307957834,-52.3,1.5712,865700
1006835900000000000008D4,null,SN01244,978307957878,-52.3,1.6202999999999999,865700
1006835900000000000008D4,null,SN01244,978307957977,-52.3,1.5712,865700
1006835900000000000008D4,null,SN01244,978307958121,-53.0,1.5712,865700
1006835900000000000008D4,null,SN01244,978307958224,-51.6,1.5712,865700
1006835900000000000008D4,null,SN01244,978307958324,-51.6,1.5221,865700
1006835900000000000008D4,null,SN01244,978307958448,-52.3,1.5712,865700
1006835900000000000008D4,null,SN01244,978307958469,-52.3,1.6202999999999999,865700
1006835900000000000008D4,null,SN01244,978307958545,-53.0,1.5712,865700
1006835900000000000008D4,null,SN01244,978307958683,-52.3,1.6202999999999999,865700
1006835900000000000008D4,null,SN01244,978307958771,-53.0,1.5712,865700
1006835900000000000008D4,null,SN01244,978307958881,-52.3,1.5712,865700
1006835900000000000008D4,null,SN01244,978307959030,-52.3,1.5712,865700
1006835900000000000008D4,null,SN01244,978307959121,-52.3,1.6202999999999999,865700
1006835900000000000008D4,null,SN01244,978307959177,-52.3,1.5712,865700
1006835900000000000008D4,null,SN01244,978307959310,-52.3,1.5712,865700
1006835900000000000008D4,null,SN01244,978307959418,-51.6,1.5712,865700
1006835900000000000008D4,null,SN01244,978307959461,-51.6,1.6694,865700
1006835900000000000008D4,null,SN01244,978307959583,-52.3,1.5221,865700
1006835900000000000008D4,null,SN01244,978307959661,-52.3,1.5712,865700
1006835900000000000008D4,null,SN01244,978307959739,-53.0,1.5712,865700
1006835900000000000008D4,null,SN01244,978307959892,-52.3,1.5712,865700
1006835900000000000008D4,null,SN01244,978307960001,-53.0,1.5712,865700
1006835900000000000008D4,null,SN01244,978307960022,-53.0,1.5712,865700
1006835900000000000008D4,null,SN01244,978307960164,-52.3,1.5712,865700
1006835900000000000008D4,null,SN01244,978307960283,-52.3,1.6202999999999999,865700
1006835900000000000008D4,null,SN01244,978307960361,-52.3,1.5712,865700
1006835900000000000008D4,null,SN01244,978307960421,-53.0,1.5712,865700
1006835900000000000008D4,null,SN01244,978307960552,-51.6,1.5712,865700
1006835900000000000008D4,null,SN01244,978307960643,-53.0,1.6202999999999999,865700
1006835900000000000008D4,null,SN01244,978307960725,-52.3,1.5712,865700
1006835900000000000008D4,null,SN01244,978307961192,-53.0,1.4729999999999999,866300
1006835900000000000008D4,null,SN01244,978307961273,-52.3,1.4729999999999999,866300
1006835900000000000008D4,null,SN01244,978307961374,-52.3,1.4729999999999999,866300
1006835900000000000008D4,null,SN01244,978307961419,-52.3,1.4729999999999999,866300
1006835900000000000008D4,null,SN01244,978307961521,-52.3,1.4729999999999999,866300
1006835900000000000008D4,null,SN01244,978307961631,-52.3,1.4729999999999999,866300
1006835900000000000008D4,null,SN01244,978307961731,-52.3,1.4729999999999999,866300
1006835900000000000008D4,null,SN01244,978307961856,-52.3,1.4729999999999999,866300
1006835900000000000008D4,null,SN01244,978307961923,-52.3,1.4729999999999999,866300
1006835900000000000008D4,null,SN01244,978307962077,-52.3,1.4239,866300
1006835900000000000008D4,null,SN01244,978307962098,-51.6,1.4729999999999999,866300
1006835900000000000008D4,null,SN01244,978307962219,-51.6,1.4729999999999999,866300
1006835900000000000008D4,null,SN01244,978307962332,-52.3,1.4239,866300
1006835900000000000008D4,null,SN01244,978307962633,-52.3,1.4239,866300
1006835900000000000008D4,null,SN01244,978307962722,-52.3,1.4239,866300
1006835900000000000008D4,null,SN01244,978307962805,-51.6,1.4729999999999999,866300
1006835900000000000008D4,null,SN01244,978307962890,-52.3,1.4729999999999999,866300
1006835900000000000008D4,null,SN01244,978307963043,-52.3,1.4239,866300
1006835900000000000008D4,null,SN01244,978307963155,-52.3,1.4239,866300
1006835900000000000008D4,null,SN01244,978307963211,-52.3,1.4729999999999999,866300
1006835900000000000008D4,null,SN01244,978307963315,-52.3,1.4729999999999999,866300
1006835900000000000008D4,null,SN01244,978307963416,-51.6,1.4239,866300
1006835900000000000008D4,null,SN01244,978307963533,-52.3,1.4729999999999999,866300
1006835900000000000008D4,null,SN01244,978307963620,-51.6,1.4729999999999999,866300
1006835900000000000008D4,null,SN01244,978307963641,-52.3,1.4239,866300
1006835900000000000008D4,null,SN01244,978307963756,-52.3,1.4729999999999999,866300
1006835900000000000008D4,null,SN01244,978307963868,-52.3,1.4729999999999999,866300
1006835900000000000008D4,null,SN01244,978307964028,-52.3,1.4239,866900
1006835900000000000008D4,null,SN01244,978307964128,-52.3,1.4239,866900
1006835900000000000008D4,null,SN01244,978307964219,-52.3,1.4729999999999999,866900
1006835900000000000008D4,null,SN01244,978307964356,-52.3,1.4239,866900
1006835900000000000008D4,null,SN01244,978307964493,-51.6,1.4729999999999999,866900
1006835900000000000008D4,null,SN01244,978307964571,-52.3,1.4729999999999999,866900
1006835900000000000008D4,null,SN01244,978307964632,-52.3,1.4729999999999999,866900
1006835900000000000008D4,null,SN01244,978307964730,-52.3,1.4239,866900
1006835900000000000008D4,null,SN01244,978307964842,-52.3,1.4729999999999999,866900
1006835900000000000008D4,null,SN01244,978307964963,-52.3,1.4239,866900
1006835900000000000008D4,null,SN01244,978307965015,-52.3,1.4239,866900
1006835900000000000008D4,null,SN01244,978307965144,-52.3,1.4239,866900
1006835900000000000008D4,null,SN01244,978307965234,-52.3,1.4239,866900
1006835900000000000008D4,null,SN01244,978307965349,-52.3,1.4239,866900
1006835900000000000008D4,null,SN01244,978307965370,-52.3,1.4239,866900
1006835900000000000008D4,null,SN01244,978307965529,-51.6,1.4729999999999999,866900
1006835900000000000008D4,null,SN01244,978307965656,-52.3,1.4239,866900
1006835900000000000008D4,null,SN01244,978307965741,-51.6,1.4729999999999999,866900
1006835900000000000008D4,null,SN01244,978307965855,-52.3,1.4239,866900
1006835900000000000008D4,null,SN01244,978307965952,-52.3,1.4239,866900
1006835900000000000008D4,null,SN01244,978307966052,-51.6,1.4239,866900
1006835900000000000008D4,null,SN01244,978307966119,-52.3,1.4729999999999999,866900
1006835900000000000008D4,null,SN01244,978307966250,-52.3,1.4239,866900
1006835900000000000008D4,null,SN01244,978307966309,-52.3,1.4239,866900
1006835900000000000008D4,null,SN01244,978307966375,-52.3,1.4239,866900
1006835900000000000008D4,null,SN01244,978307966530,-52.3,1.4729999999999999,866900
1006835900000000000008D4,null,SN01244,978307966599,-52.3,1.4239,866900
1006835900000000000008D4,null,SN01244,978307966707,-52.3,1.4239,866900
1006835900000000000008D4,null,SN01244,978307966816,-51.6,1.4239,866900
1006835900000000000008D4,null,SN01244,978307966913,-52.3,1.4729999999999999,866900
1006835900000000000008D4,null,SN01244,978307967024,-51.6,1.4239,866900
1006835900000000000008D4,null,SN01244,978307967127,-51.6,1.4729999999999999,866900
1006835900000000000008D4,null,SN01244,978307967181,-51.6,1.4729999999999999,866900
1006835900000000000008D4,null,SN01244,978307967259,-52.3,1.4239,866900
1006835900000000000008D4,null,SN01244,978307967409,-52.3,1.4729999999999999,866900
1006835900000000000008D4,null,SN01244,978307967477,-51.6,1.4729999999999999,866900
1006835900000000000008D4,null,SN01244,978307967564,-52.3,1.4729999999999999,866900
1006835900000000000008D4,null,SN01244,978307967680,-52.3,1.4239,866900
1006835900000000000008D4,null,SN01244,978307967732,-52.3,1.4239,866900
1006835900000000000008D4,null,SN01244,978307967971,-52.3,1.3748,867500
1006835900000000000008D4,null,SN01244,978307968069,-52.3,1.2766,867500
1006835900000000000008D4,null,SN01244,978307968233,-52.3,1.3256999999999999,867500
1006835900000000000008D4,null,SN01244,978307968253,-52.3,1.3256999999999999,867500
1006835900000000000008D4,null,SN01244,978307968378,-52.3,1.2766,867500
1006835900000000000008D4,null,SN01244,978307968514,-51.6,1.3256999999999999,867500
1006835900000000000008D4,null,SN01244,978307968535,-52.3,1.3256999999999999,867500
1006835900000000000008D4,null,SN01244,978307968685,-52.3,1.2766,867500
1006835900000000000008D4,null,SN01244,978307968791,-51.6,1.3256999999999999,867500
1006835900000000000008D4,null,SN01244,978307968860,-52.3,1.2766,867500
1006835900000000000008D4,null,SN01244,978307968947,-51.6,1.3256999999999999,867500
1006835900000000000008D4,null,SN01244,978307969076,-52.3,1.2766,867500
1006835900000000000008D4,null,SN01244,978307969221,-52.3,1.3256999999999999,867500
1006835900000000000008D4,null,SN01244,978307969302,-52.3,1.3256999999999999,867500
1006835900000000000008D4,null,SN01244,978307969399,-52.3,1.2766,867500
1006835900000000000008D4,null,SN01244,978307969462,-51.6,1.3256999999999999,867500
1006835900000000000008D4,null,SN01244,978307969557,-52.3,1.3256999999999999,867500
1006835900000000000008D4,null,SN01244,978307969652,-51.6,1.2766,867500
1006835900000000000008D4,null,SN01244,978307969777,-52.3,1.3256999999999999,867500
1006835900000000000008D4,null,SN01244,978307969852,-52.3,1.2766,867500
1006835900000000000008D4,null,SN01244,978307969917,-52.3,1.2766,867500
1006835900000000000008D4,null,SN01244,978307970071,-52.3,1.3256999999999999,867500
1006835900000000000008D4,null,SN01244,978307970168,-51.6,1.2766,867500
1006835900000000000008D4,null,SN01244,978307970278,-52.3,1.3256999999999999,867500
1006835900000000000008D4,null,SN01244,978307970360,-52.3,1.2766,867500
1006835900000000000008D4,null,SN01244,978307970455,-51.6,1.2766,867500
1006835900000000000008D4,null,SN01244,978307970557,-52.3,1.3256999999999999,867500
1006835900000000000008D4,null,SN01244,978307970601,-52.3,1.2766,867500
1006835900000000000008D4,null,SN01244,978307970695,-52.3,1.3256999999999999,867500
1006835900000000000008D4,null,SN01244,978307970860,-52.3,1.2766,867500
1006835900000000000008D4,null,SN01244,978307970881,-52.3,1.3256999999999999,867500
1006835900000000000008D4,null,SN01244,978307971103,-51.6,1.5712,865700
1006835900000000000008D4,null,SN01244,978307971199,-53.0,1.5712,865700
1006835900000000000008D4,null,SN01244,978307971303,-52.3,1.5712,865700
1006835900000000000008D4,null,SN01244,978307971345,-52.3,1.6694,865700
1006835900000000000008D4,null,SN01244,978307971468,-53.0,1.6202999999999999,865700
1006835900000000000008D4,null,SN01244,978307971621,-52.3,1.5712,865700
1006835900000000000008D4,null,SN01244,978307971683,-52.3,1.5712,865700
1006835900000000000008D4,null,SN01244,978307971736,-52.3,1.5712,865700
1006835900000000000008D4,null,SN01244,978307971868,-52.3,1.5712,865700
1006835900000000000008D4,null,SN01244,978307972010,-51.6,1.5712,865700
1006835900000000000008D4,null,SN01244,978307972085,-53.0,1.5712,865700
1006835900000000000008D4,null,SN01244,978307972207,-51.6,1.5712,865700
1006835900000000000008D4,null,SN01244,978307972252,-51.6,1.5712,865700
1006835900000000000008D4,null,SN01244,978307972397,-51.6,1.5712,865700
1006835900000000000008D4,null,SN01244,978307972418,-51.6,1.5712,865700
1006835900000000000008D4,null,SN01244,978307972532,-53.0,1.5712,865700
1006835900000000000008D4,null,SN01244,978307972651,-52.3,1.6202999999999999,865700
1006835900000000000008D4,null,SN01244,978307972722,-51.6,1.5712,865700
1006835900000000000008D4,null,SN01244,978307972834,-52.3,1.5712,865700
1006835900000000000008D4,null,SN01244,978307972974,-52.3,1.5221,865700
1006835900000000000008D4,null,SN01244,978307973073,-52.3,1.5221,865700
1006835900000000000008D4,null,SN01244,978307973118,-52.3,1.5712,865700
1006835900000000000008D4,null,SN01244,978307973228,-52.3,1.5712,865700
1006835900000000000008D4,null,SN01244,978307973356,-52.3,1.5712,865700
1006835900000000000008D4,null,SN01244,978307973479,-52.3,1.5712,865700
1006835900000000000008D4,null,SN01244,978307973501,-52.3,1.5712,865700
1006835900000000000008D4,null,SN01244,978307973585,-51.6,1.5712,865700
1006835900000000000008D4,null,SN01244,978307973686,-52.3,1.5712,865700
1006835900000000000008D4,null,SN01244,978307973827,-51.6,1.5221,865700
1006835900000000000008D4,null,SN01244,978307973961,-52.3,1.5712,865700
1006835900000000000008D4,null,SN01244,978307974061,-52.3,1.5712,865700
1006835900000000000008D4,null,SN01244,978307974137,-53.0,1.6202999999999999,865700
1006835900000000000008D4,null,SN01244,978307974207,-52.3,1.5221,865700
1006835900000000000008D4,null,SN01244,978307974330,-52.3,1.6202999999999999,865700
1006835900000000000008D4,null,SN01244,978307974443,-53.0,1.5712,865700
1006835900000000000008D4,null,SN01244,978307974522,-52.3,1.5712,865700
1006835900000000000008D4,null,SN01244,978307974566,-52.3,1.5712,865700
1006835900000000000008D4,null,SN01244,978307974732,-52.3,1.5712,865700
1006835900000000000008D4,null,SN01244,978307974786,-52.3,1.5712,865700
1006835900000000000008D4,null,SN01244,978307975014,-51.6,1.5712,866300
1006835900000000000008D4,null,SN01244,978307975119,-52.3,1.4729999999999999,866300
1006835900000000000008D4,null,SN01244,978307975199,-52.3,1.4729999999999999,866300
1006835900000000000008D4,null,SN01244,978307975351,-52.3,1.4729999999999999,866300
1006835900000000000008D4,null,SN01244,978307975409,-53.0,1.4729999999999999,866300
1006835900000000000008D4,null,SN01244,978307975531,-52.3,1.4729999999999999,866300
1006835900000000000008D4,null,SN01244,978307975597,-52.3,1.4729999999999999,866300
1006835900000000000008D4,null,SN01244,978307975763,-52.3,1.4729999999999999,866300
1006835900000000000008D4,null,SN01244,978307975765,-52.3,1.4729999999999999,866300
1006835900000000000008D4,null,SN01244,978307975932,-52.3,1.4729999999999999,866300
1006835900000000000008D4,null,SN01244,978307976035,-51.6,1.4729999999999999,866300
1006835900000000000008D4,null,SN01244,978307976058,-52.3,1.4729999999999999,866300
1006835900000000000008D4,null,SN01244,978307976181,-51.6,1.4729999999999999,866300
1006835900000000000008D4,null,SN01244,978307976333,-52.3,1.4239,866300
1006835900000000000008D4,null,SN01244,978307976354,-52.3,1.4729999999999999,866300
1006835900000000000008D4,null,SN01244,978307976493,-51.6,1.4729999999999999,866300
1006835900000000000008D4,null,SN01244,978307976588,-52.3,1.4729999999999999,866300
1006835900000000000008D4,null,SN01244,978307976704,-51.6,1.4729999999999999,866300
1006835900000000000008D4,null,SN01244,978307976824,-51.6,1.4729999999999999,866300
1006835900000000000008D4,null,SN01244,978307976868,-51.6,1.4239,866300
1006835900000000000008D4,null,SN01244,978307977015,-52.3,1.4239,866300
1006835900000000000008D4,null,SN01244,978307977036,-51.6,1.4239,866300
1006835900000000000008D4,null,SN01244,978307977161,-53.0,1.4729999999999999,866300
1006835900000000000008D4,null,SN01244,978307977297,-52.3,1.4239,866300
1006835900000000000008D4,null,SN01244,978307977383,-52.3,1.4729999999999999,866300
1006835900000000000008D4,null,SN01244,978307977509,-52.3,1.4729999999999999,866300
1006835900000000000008D4,null,SN01244,978307977604,-52.3,1.4729999999999999,866300
1006835900000000000008D4,null,SN01244,978307977661,-52.3,1.4239,866300
1006835900000000000008D4,null,SN01244,978307977734,-52.3,1.4729999999999999,866300
1006835900000000000008D4,null,SN01244,978307977898,-52.3,1.4729999999999999,866300
1006835900000000000008D4,null,SN01244,978307978018,-52.3,1.4239,866900
1006835900000000000008D4,null,SN01244,978307978090,-51.6,1.4729999999999999,866900
1006835900000000000008D4,null,SN01244,978307978211,-53.0,1.4239,866900
1006835900000000000008D4,null,SN01244,978307978357,-52.3,1.4239,866900
1006835900000000000008D4,null,SN01244,978307978424,-52.3,1.4729999999999999,866900
1006835900000000000008D4,null,SN01244,978307978545,-53.0,1.4239,866900
1006835900000000000008D4,null,SN01244,978307978632,-52.3,1.4239,866900
1006835900000000000008D4,null,SN01244,978307978706,-51.6,1.4729999999999999,866900
1006835900000000000008D4,null,SN01244,978307978766,-52.3,1.4729999999999999,866900
1006835900000000000008D4,null,SN01244,978307978938,-51.6,1.4239,866900
1006835900000000000008D4,null,SN01244,978307979027,-52.3,1.4239,866900
1006835900000000000008D4,null,SN01244,978307979049,-52.3,1.4729999999999999,866900
1006835900000000000008D4,null,SN01244,978307979223,-52.3,1.4239,866900
1006835900000000000008D4,null,SN01244,978307979288,-52.3,1.4239,866900
1006835900000000000008D4,null,SN01244,978307979373,-52.3,1.4729999999999999,866900
1006835900000000000008D4,null,SN01244,978307979452,-52.3,1.4239,866900
1006835900000000000008D4,null,SN01244,978307979579,-51.6,1.4729999999999999,866900
1006835900000000000008D4,null,SN01244,978307979651,-52.3,1.4729999999999999,866900
1006835900000000000008D4,null,SN01244,978307979797,-51.6,1.4239,866900
1006835900000000000008D4,null,SN01244,978307979893,-52.3,1.4729999999999999,866900
1006835900000000000008D4,null,SN01244,978307979981,-52.3,1.4239,866900
1006835900000000000008D4,null,SN01244,978307980069,-52.3,1.4239,866900
1006835900000000000008D4,null,SN01244,978307980193,-52.3,1.4729999999999999,866900
1006835900000000000008D4,null,SN01244,978307980296,-52.3,1.4239,866900
1006835900000000000008D4,null,SN01244,978307980352,-52.3,1.4729999999999999,866900
1006835900000000000008D4,null,SN01244,978307980453,-52.3,1.4239,866900
1006835900000000000008D4,null,SN01244,978307980553,-52.3,1.4729999999999999,866900
1006835900000000000008D4,null,SN01244,978307980643,-52.3,1.4729999999999999,866900
1006835900000000000008D4,null,SN01244,978307980755,-51.6,1.4729999999999999,866900
1006835900000000000008D4,null,SN01244,978307980824,-51.6,1.4729999999999999,866900
1006835900000000000008D4,null,SN01244,978307980907,-52.3,1.4729999999999999,866900
1006835900000000000008D4,null,SN01244,978307981021,-52.3,1.4729999999999999,866900
1006835900000000000008D4,null,SN01244,978307981154,-52.3,1.4239,866900
1006835900000000000008D4,null,SN01244,978307981199,-52.3,1.4239,866900
1006835900000000000008D4,null,SN01244,978307981318,-51.6,1.4239,866900
1006835900000000000008D4,null,SN01244,978307981418,-52.3,1.4239,866900
1006835900000000000008D4,null,SN01244,978307981528,-52.3,1.4729999999999999,866900
1006835900000000000008D4,null,SN01244,978307981662,-52.3,1.4239,866900
1006835900000000000008D4,null,SN01244,978307981738,-52.3,1.4729999999999999,866900
1006835900000000000008D4,null,SN01244,978307981843,-52.3,1.4239,866900
1006835900000000000008D4,null,SN01244,978307982070,-52.3,1.3256999999999999,867500
1006835900000000000008D4,null,SN01244,978307982191,-52.3,1.3256999999999999,867500
1006835900000000000008D4,null,SN01244,978307982301,-51.6,1.2766,867500
1006835900000000000008D4,null,SN01244,978307982323,-51.6,1.3256999999999999,867500
1006835900000000000008D4,null,SN01244,978307982431,-52.3,1.3256999999999999,867500
1006835900000000000008D4,null,SN01244,978307982585,-52.3,1.3256999999999999,867500
1006835900000000000008D4,null,SN01244,978307982693,-52.3,1.2766,867500
1006835900000000000008D4,null,SN01244,978307982694,-51.6,1.3256999999999999,867500
1006835900000000000008D4,null,SN01244,978307982815,-52.3,1.3256999999999999,867500
1006835900000000000008D4,null,SN01244,978307982965,-51.6,1.3256999999999999,867500
1006835900000000000008D4,null,SN01244,978307983054,-52.3,1.3256999999999999,867500
1006835900000000000008D4,null,SN01244,978307983115,-52.3,1.3256999999999999,867500
1006835900000000000008D4,null,SN01244,978307983242,-51.6,1.2766,867500
1006835900000000000008D4,null,SN01244,978307983373,-52.3,1.2766,867500
1006835900000000000008D4,null,SN01244,978307983432,-51.6,1.3256999999999999,867500
1006835900000000000008D4,null,SN01244,978307983520,-52.3,1.2766,867500
1006835900000000000008D4,null,SN01244,978307983618,-52.3,1.3256999999999999,867500
1006835900000000000008D4,null,SN01244,978307983720,-51.6,1.2766,867500
1006835900000000000008D4,null,SN01244,978307983803,-52.3,1.3256999999999999,867500
1006835900000000000008D4,null,SN01244,978307983959,-51.6,1.2766,867500
1006835900000000000008D4,null,SN01244,978307984003,-52.3,1.2766,867500
1006835900000000000008D4,null,SN01244,978307984139,-52.3,1.3256999999999999,867500
1006835900000000000008D4,null,SN01244,978307984181,-52.3,1.2766,867500
1006835900000000000008D4,null,SN01244,978307984311,-52.3,1.3256999999999999,867500
1006835900000000000008D4,null,SN01244,978307984387,-52.3,1.2766,867500
1006835900000000000008D4,null,SN01244,978307984455,-52.3,1.3256999999999999,867500
1006835900000000000008D4,null,SN01244,978307984561,-52.3,1.3256999999999999,867500
1006835900000000000008D4,null,SN01244,978307984699,-52.3,1.3256999999999999,867500
1006835900000000000008D4,null,SN01244,978307984749,-52.3,1.2766,867500
1006835900000000000008D4,null,SN01244,978307984854,-52.3,1.2766,867500
1006835900000000000008D4,null,SN01244,978307985027,-52.3,1.6202999999999999,865700
1006835900000000000008D4,null,SN01244,978307985134,-52.3,1.5712,865700
1006835900000000000008D4,null,SN01244,978307985237,-52.3,1.6202999999999999,865700
1006835900000000000008D4,null,SN01244,978307985327,-53.0,1.6202999999999999,865700
1006835900000000000008D4,null,SN01244,978307985428,-53.0,1.6202999999999999,865700
1006835900000000000008D4,null,SN01244,978307985573,-53.0,1.5712,865700
1006835900000000000008D4,null,SN01244,978307985619,-52.3,1.6694,865700
1006835900000000000008D4,null,SN01244,978307985726,-52.3,1.6202999999999999,865700
1006835900000000000008D4,null,SN01244,978307985830,-52.3,1.5712,865700
1006835900000000000008D4,null,SN01244,978307986005,-52.3,1.5712,865700
1006835900000000000008D4,null,SN01244,978307986063,-53.0,1.6202999999999999,865700
1006835900000000000008D4,null,SN01244,978307986105,-52.3,1.5712,865700
1006835900000000000008D4,null,SN01244,978307986224,-52.3,1.6694,865700
1006835900000000000008D4,null,SN01244,978307986323,-52.3,1.6202999999999999,865700
1006835900000000000008D4,null,SN01244,978307986420,-52.3,1.6202999999999999,865700
1006835900000000000008D4,null,SN01244,978307986483,-51.6,1.6202999999999999,865700
1006835900000000000008D4,null,SN01244,978307986651,-51.6,1.6202999999999999,865700
1006835900000000000008D4,null,SN01244,978307986757,-53.0,1.5712,865700
1006835900000000000008D4,null,SN01244,978307986861,-53.0,1.6202999999999999,865700
1006835900000000000008D4,null,SN01244,978307986926,-52.3,1.6202999999999999,865700
1006835900000000000008D4,null,SN01244,978307987009,-52.3,1.6202999999999999,865700
1006835900000000000008D4,null,SN01244,978307987083,-52.3,1.5221,865700
1006835900000000000008D4,null,SN01244,978307987231,-52.3,1.6202999999999999,865700
1006835900000000000008D4,null,SN01244,978307987276,-53.0,1.5712,865700
1006835900000000000008D4,null,SN01244,978307987400,-52.3,1.6202999999999999,865700
1006835900000000000008D4,null,SN01244,978307987471,-52.3,1.5712,865700
1006835900000000000008D4,null,SN01244,978307987558,-52.3,1.6202999999999999,865700
1006835900000000000008D4,null,SN01244,978307987739,-53.0,1.5712,865700
1006835900000000000008D4,null,SN01244,978307987820,-51.6,1.6202999999999999,865700
1006835900000000000008D4,null,SN01244,978307987841,-51.6,1.6202999999999999,865700
1006835900000000000008D4,null,SN01244,978307987987,-52.3,1.6202999999999999,865700
1006835900000000000008D4,null,SN01244,978307988113,-51.6,1.5712,865700
1006835900000000000008D4,null,SN01244,978307988134,-52.3,1.6202999999999999,865700
1006835900000000000008D4,null,SN01244,978307988240,-53.0,1.6202999999999999,865700
1006835900000000000008D4,null,SN01244,978307988337,-51.6,1.6694,865700
1006835900000000000008D4,null,SN01244,978307988436,-52.3,1.6202999999999999,865700
1006835900000000000008D4,null,SN01244,978307988585,-53.0,1.6202999999999999,865700
1006835900000000000008D4,null,SN01244,978307988684,-53.0,1.6202999999999999,865700
1006835900000000000008D4,null,SN01244,978307988740,-52.3,1.5712,865700
1006835900000000000008D4,null,SN01244,978307988834,-52.3,1.6202999999999999,865700
1006835900000000000008D4,null,SN01244,978307989100,-52.3,1.4239,866300
1006835900000000000008D4,null,SN01244,978307989172,-52.3,1.4729999999999999,866300
1006835900000000000008D4,null,SN01244,978307989307,-52.3,1.4239,866300
1006835900000000000008D4,null,SN01244,978307989430,-51.6,1.4239,866300
1006835900000000000008D4,null,SN01244,978307989541,-52.3,1.4729999999999999,866300
1006835900000000000008D4,null,SN01244,978307989541,-52.3,1.5712,866300
1006835900000000000008D4,null,SN01244,978307989668,-51.6,1.4729999999999999,866300
1006835900000000000008D4,null,SN01244,978307989753,-53.0,1.4239,866300
1006835900000000000008D4,null,SN01244,978307989920,-51.6,1.4729999999999999,866300
1006835900000000000008D4,null,SN01244,978307989941,-52.3,1.4729999999999999,866300
1006835900000000000008D4,null,SN01244,978307990035,-52.3,1.4729999999999999,866300
1006835900000000000008D4,null,SN01244,978307990195,-53.0,1.4729999999999999,866300
1006835900000000000008D4,null,SN01244,978307990291,-51.6,1.4729999999999999,866300
1006835900000000000008D4,null,SN01244,978307990363,-52.3,1.4729999999999999,866300
1006835900000000000008D4,null,SN01244,978307990445,-51.6,1.4729999999999999,866300
1006835900000000000008D4,null,SN01244,978307990577,-52.3,1.4729999999999999,866300
1006835900000000000008D4,null,SN01244,978307990652,-52.3,1.4729999999999999,866300
1006835900000000000008D4,null,SN01244,978307990795,-52.3,1.4729999999999999,866300
1006835900000000000008D4,null,SN01244,978307990890,-51.6,1.4729999999999999,866300
1006835900000000000008D4,null,SN01244,978307990968,-52.3,1.4729999999999999,866300
1006835900000000000008D4,null,SN01244,978307991056,-52.3,1.4729999999999999,866300
1006835900000000000008D4,null,SN01244,978307991154,-52.3,1.4729999999999999,866300
1006835900000000000008D4,null,SN01244,978307991242,-52.3,1.4729999999999999,866300
1006835900000000000008D4,null,SN01244,978307991385,-51.6,1.4729999999999999,866300
1006835900000000000008D4,null,SN01244,978307991430,-52.3,1.4729999999999999,866300
1006835900000000000008D4,null,SN01244,978307991549,-52.3,1.4239,866300
1006835900000000000008D4,null,SN01244,978307991621,-52.3,1.4729999999999999,866300
1006835900000000000008D4,null,SN01244,978307991692,-51.6,1.4239,866300
1006835900000000000008D4,null,SN01244,978307991789,-51.6,1.4239,866300
1006835900000000000008D4,null,SN01244,978307991924,-52.3,1.4239,866300
1006835900000000000008D4,null,SN01244,978307992118,-51.6,1.4239,866900
1006835900000000000008D4,null,SN01244,978307992168,-52.3,1.4239,866900
1006835900000000000008D4,null,SN01244,978307992265,-52.3,1.4239,866900
1006835900000000000008D4,null,SN01244,978307992429,-52.3,1.4239,866900
1006835900000000000008D4,null,SN01244,978307992474,-51.6,1.4239,866900
1006835900000000000008D4,null,SN01244,978307992619,-51.6,1.4239,866900
1006835900000000000008D4,null,SN01244,978307992697,-52.3,1.4239,866900
1006835900000000000008D4,null,SN01244,978307992777,-52.3,1.4239,866900
1006835900000000000008D4,null,SN01244,978307992863,-52.3,1.4239,866900
1006835900000000000008D4,null,SN01244,978307992955,-52.3,1.4729999999999999,866900
1006835900000000000008D4,null,SN01244,978307993117,-52.3,1.4729999999999999,866900
1006835900000000000008D4,null,SN01244,978307993167,-52.3,1.4239,866900
1006835900000000000008D4,null,SN01244,978307993240,-52.3,1.4239,866900
1006835900000000000008D4,null,SN01244,978307993375,-52.3,1.4729999999999999,866900
1006835900000000000008D4,null,SN01244,978307993483,-51.6,1.4729999999999999,866900
1006835900000000000008D4,null,SN01244,978307993561,-52.3,1.4239,866900
1006835900000000000008D4,null,SN01244,978307993657,-52.3,1.4239,866900
1006835900000000000008D4,null,SN01244,978307993782,-51.6,1.4239,866900
1006835900000000000008D4,null,SN01244,978307993888,-51.6,1.4729999999999999,866900
1006835900000000000008D4,null,SN01244,978307993953,-51.6,1.4239,866900
1006835900000000000008D4,null,SN01244,978307994030,-52.3,1.4729999999999999,866900
1006835900000000000008D4,null,SN01244,978307994121,-52.3,1.4239,866900
1006835900000000000008D4,null,SN01244,978307994255,-52.3,1.4239,866900
1006835900000000000008D4,null,SN01244,978307994350,-51.6,1.4729999999999999,866900
1006835900000000000008D4,null,SN01244,978307994419,-52.3,1.4729999999999999,866900
1006835900000000000008D4,null,SN01244,978307994562,-51.6,1.4729999999999999,866900
1006835900000000000008D4,null,SN01244,978307994627,-51.6,1.4239,866900
1006835900000000000008D4,null,SN01244,978307994740,-52.3,1.4239,866900
1006835900000000000008D4,null,SN01244,978307994808,-52.3,1.4239,866900
1006835900000000000008D4,null,SN01244,978307994961,-52.3,1.4729999999999999,866900
1006835900000000000008D4,null,SN01244,978307995020,-52.3,1.4729999999999999,866900
1006835900000000000008D4,null,SN01244,978307995092,-52.3,1.4729999999999999,866900
1006835900000000000008D4,null,SN01244,978307995243,-52.3,1.4239,866900
